Workbook

Sheet Instructions
A1: Instructions
A3: To perform the GRADE assessment the following is needed: 1) NMA estimates and 95% confidence or credible intervals (we abbreviate either from now on as CI) for every comparison using both relative and absolute estimates of effect; 2) Direct and indirect estimates and 95% CI for each comparison; 3) Risk of bias assessments for each outcome; 4) Forest plots of all direct comparisons; 5) network plot for each outcome.
A5: 1) Set your preferences
A7: 2) Clear the spreadsheet. This step can be automatically performed by clicking RESET in cell A1 of "Primary - GRADING sheet"
A9: 3) Include the comparisons that needs to be assessed (GRADED) in columns B and C. If a reference intervention is available (e.g placebo) always include it as treatment 2 (column C). Incorporate estimates of effect (relative and absolute [per 1000 treated patients]) for every comparison. Include direct (when available)(columns E to J) , indirect (columns T to Y) and NMA estimates of effects (columns AV to BA). For those comparisons for which estimates are not available use "NA" as in the example provided.
A11: 4) For every comparison for which direct estimates of effect are available, assess risk of bias, incosistency, indirectness and publication bias. Imprecision for direct estimate can also be performed at this stage for which an automatic option is available in preferences.
A13: 5) Select common comparator (first order loop) or common comparator + middle comparator (second order loop) for every comparison for which indirect estimates of effect are available.
A15: 6) Asses intransitivity. Imprecision for indirect estimate can also be performed at this stage for which an automatic option is available in preferences.
A17: 7) Select source to inform NMA (direct vs indirect). Automatic option available in preferences.
A19: 8) Assess Incoherence
A21: 9) Assess imprecision for NMA estimate. Automatic option available in preferences.
A23: 10) Assess imprecision for direct and indirect estimates if required and not performed previously. Automatic option available in preferences.
... A29: © 2022 Ariel Izcovich. All rights reserved

Sheet Preferences
A1: Preferences
A3: Inmprecision assessment | B3: Automatic
A5: Small effect threshold per 1000 patients treated | B5: 20
A7: Large effect threshold per 1000 patients treated | B7: 100
A9: Selection of the source to informe NMA (direct vs. indirect) | B9: Automatic
A11: Drawing conclusions: Classification | B11: Minimally contextualised framework
A13: Reference intevention | B13: Plac

Sheet Primary - GRADING
B1: Comparison | C1: Threshold per 1000 (small) | D1: =IF(Preferences!B3="Automatic",Preferences!B5,"NA") -> 20 | E1: Direct estimate | T1: Indirect estimate | AV1: Network estimate | CJ1: Baseline risk: 130 per 1000 (2021-08-17) | CL1: Direct dominant (FALSE=Dominant) | CM1: Indirect dominant (FALSE=Dominant) | CN1: Direct certainty to numbers | CO1: Indirect certainty to numbers | CP1: Vs reference
A2: Nr. | C2: Threshold per 1000 (Large) | D2: =IF(Preferences!B3="Automatic",Preferences!B7,"NA") -> 100 | E2: Relative estimate | H2: Absolute estimate (per 1,000) | L2: GRADE | T2: Relative estimate | W2: Absolute estimate (per 1,000) | AQ2: GRADE | AV2: Relative estimate | AY2: Absolute estimate (per 1,000) | BB2: GRADE | BN2: Automated Direct | BO2: Automated indirect | BP2: Reasons for downgrading (,) | BR2: RoB Tmt1 vs Compr | BS2: RoB Compr vs Middle | BT2: RoB Compr/middle vs Tmt2 | BU2: Indirect RoB Summary | BV2: Incosistency Tmt1 vs Compr | BW2: Incosistency Compr vs Middle | BX2: Incosistency Compr/middle vs Tmt2 | BY2: Incosistency RoB Summary | BZ2: Indirectness Tmt1 vs Compr | CA2: Indirectness Compr vs Middle | CB2: Indirectness Compr/middle vs Tmt2 | CC2: Indirectness Summary | CD2: Publication bias Tmt1 vs Compr | CE2: Publication bias Compr vs middle | CF2: Publication bias Tmt1 vs Compr/middle vs Tmt2 | CG2: Publication bias Summary | CH2: Imprecision Summary | CI2: Incoherence summary | CK2: 44549
B3: Treatment 1 | C3: Treatment 2 | E3: Point estimate | F3: CI lower limit | G3: CI upper limit | H3: Point estimate | I3: CI lower limit | J3: CI upper limit | L3: Risk of bias | M3: Inconsistency | N3: Indirectness | O3: Publication bias | P3: Rating for NMA | Q3: Imprecision | R3: Final rating | T3: Point estimate | U3: CI lower limit | V3: CI upper limit | W3: Point estimate | X3: CI lower limit | Y3: CI upper limit | AB3: Common comp | AC3: Comparison nr. | AD3: Tmt 1 vs comp | AG3: Middle comp | AH3: Comparison nr. | AI3: Comp vs middle | AN3: Comparison nr. | AO3: Tmt 2 vs comp/middle | AP3: Start rating | AQ3: Intransitivity | AR3: Rating for NMA | AS3: Imprecision | AT3: Final rating | AV3: Point estimate | AW3: CrI lower limit | AX3: CrI upper limit | AY3: Point estimate | AZ3: CI lower limit | BA3: CI upper limit | BB3: Starting evidence | BC3: Starting rating | BD3: Incoherence | BE3: Imprecision | BF3: Final rating | BG3: Best estimate | BH3: Significant effect | BI3: Risk of imprecision? | BJ3: Rating as a number | BK3: Significant effect NMA | BL3: Significant effect Direct | BM3: Significant effect Indirect | BN3: Reasons | BO3: =(IFERROR(IFS(BU3="RoB","RoB,",BU3="RoBx2","RoBx2,",BU3="NA",""),"")&IFERROR(IFS(BY3="RoB","Inconsistency,",BY3="RoBx2","Inconsistencyx2,",BY3="NA","")&IFERROR(IFS(CC3="RoB","Indirectness,",CC3="RoBx2","Indirectnessx2,",CC3="NA",""),"")&IFERROR(IFS(CG3="RoB","Publication bias,",CG3="RoBx2","Publication biasx2,",CG3="NA",""),"")&IFERROR(IFS(CH3="Serious","Imprecision,",CG3="Very serious","Imprecisionx2,",CH3="Extremely serious","Imprecisionx3",CH3="Not serious",""),"")&IFERROR(IFS(AQ3="Serious","Intransitivity,",AQ3="Very serious","Intransitivityx2,",AQ3="NA",""),"")&IFERROR(IFS(BD3="Serious","Incoherence,",BD3="Very serious","Incoherencex2,",BD3="NA",""),""))) | BQ3: Reasons for downgrading auto-calculator | CJ3: OIS Prelim Calculator | CK3: PRELIM Test incoherence calculator
A4: =IF(ISBLANK(B4),"",1) -> 1 | B4: A | C4: Plac | E4: 2.8536585 | F4: 0.093250995 | G4: 87.324998 | H4: 54.589891 | I4: -29.152469 | J4: 712.00314 | L4: Not serious | M4: Not serious | N4: Not serious | O4: Not serious | P4: =IF(OR(ISBLANK(L4),ISBLANK(M4),ISBLANK(N4),ISBLANK(O4)),"",if(OR(iserror(L4)=TRUE,iferror(L4="NA","NA")),"NA",ifs(4-(2*COUNTIF(L4:O4,"Very serious"))-countif(L4:O4,"Serious")=4,"HIGH",4-(2*COUNTIF(L4:O4,"Very serious"))-countif(L4:O4,"Serious")=3,"MODERATE",4-(2*COUNTIF(L4:O4,"Very serious"))-countif(L4:O4,"Serious")=2,"LOW",4-(2*COUNTIF(L4:O4,"Very serious"))-countif(L4:O4,"Serious")<=1,"VERY LOW"))) -> HIGH | Q4: =IFERROR(IF(AND(Preferences!B$3="Manual",OR(AX4/AW4>G4/F4,BD4="Serious",BD4="Very serious")),"Assess imprecision",IFS(ISBLANK(E4),"",AND(Preferences!B$3="Automatic", G4/F4>=30),"Extremely serious",AND(H4<=$D$1*-1,J4<0,G4/F4<3),"Not serious",AND(H4<=$D$1*-1,J4<0,G4/F4>=3),"Very serious",AND(H4>=$D$1,I4>0,G4/F4<3),"Not serious",AND(H4>=$D$1,I4>0,G4/F4>=3),"Very serious",AND(H4<=$D$1*-1,J4>0,I4>$D$2*-1,G4/F4<3),"Serious", AND(H4<=$D$1*-1,J4>0,I4<$D$2*-1,G4/F4<3),"Very serious", AND(H4>=$D$1,I4<0,J4<$D$2,G4/F4<3),"Serious",AND(H4>=$D$1,I4<0,J4>$D$2,G4/F4<3),"Very serious", AND(H4<=$D$1*-1,J4>0,I4>$D$2*-1,G4/F4>=3),"Very serious", AND(H4<=$D$1*-1,J4>0,I4<$D$2*-1,G4/F4>=3),"Very serious", AND(H4>=$D$1,I4<0,J4<$D$2,G4/F4>=3),"Very serious", AND(H4>=$D$1,I4<0,J4>$D$2,G4/F4>=3),"Very serious", AND(H4>$D$1*-1,H4<$D$1,I4>$D$1*-1,J4<$D$1,G4/F4<3),"Not serious", AND(H4>$D$1*-1,H4<$D$1,OR(I4<=$D$1*-1,J4>=$D$1),I4>$D$2*-1,J4<$D$2,G4/F4<3),"Serious", AND(H4>$D$1*-1,H4<$D$1,OR(I4<=$D$2*-1,J4>=$D$2),G4/F4<3),"Very serious", AND(H4>$D$1*-1,H4<$D$1,I4>$D$1*-1,J4<$D$1,G4/F4>=3),"Very serious", AND(H4>$D$1*-1,H4<$D$1,OR(I4<=$D$1*-1,J4>=$D$1),I4>$D$2*-1,J4<$D$2,G4/F4>=3),"Very serious", AND(H4>$D$1*-1,H4<$D$1,OR(I4<=$D$2*-1,J4>=$D$2),G4/F4>=3),"Very serious")),"") -> Extremely serious | R4: {=IFERROR(IFS(E4="NA","NA", AND(P4 = "HIGH",COUNTIF(Q4,"serious")>=1),"MODERATE", AND(P4 = "HIGH",COUNTIF(Q4,"Very serious")>=1),"LOW", AND(P4 = "HIGH",COUNTIF(Q4,"Extremely serious")>=1),"VERY LOW", AND(P4 = "HIGH",COUNTIF(Q4,"Not serious")>=1),P4, AND(P4 = "MODERATE",COUNTIF(Q4,"serious")>=1),"LOW", AND(P4 = "MODERATE",COUNTIF(Q4,"Very serious")>=1),"VERY LOW", AND(P4 = "MODERATE",COUNTIF(Q4,"Extremely serious")>=1),"VERY LOW", AND(P4 = "MODERATE",COUNTIF(Q4,"Not serious")>=1),P4, AND(P4 = "LOW",COUNTIF(Q4,"serious")>=1),"VERY LOW", AND(P4 = "LOW",COUNTIF(Q4,"Very serious")>=1),"VERY LOW", AND(P4 = "LOW",COUNTIF(Q4,"Extremely serious")>=1),"VERY LOW", AND(P4 = "LOW",COUNTIF(Q4,"Not serious")>=1),P4, P4 = "VERY LOW", P4),"")} -> VERY LOW | T4: NA | U4: NA | V4: NA | W4: NA | X4: NA | Y4: NA | Z4: {=INDEX($A$1:$C$500, MATCH(1,($B:$B=$B4)*($C:$C=$AB4),0),1)} -> #N/A | AA4: {=INDEX($A$1:$C$500, MATCH(1,($B:$B=$AB4)*($C:$C=$B4),0),1)} -> #N/A | AC4: =IF(ISNUMBER(Z4),Z4,AA4) -> #N/A | AD4: =IFERROR(INDEX($A$1:$R$500, MATCH(AC4,A:A,0),16),"") | AE4: {=INDEX($A$1:$C$500, MATCH(1,($B:$B=$AB4)*($C:$C=$AG4),0),1)} | AF4: {=INDEX($A$1:$C$500, MATCH(1,($B:$B=$AG4)*($C:$C=$AB4),0),1)} | AH4: =IF(ISNUMBER(AE4),AE4,AF4) | AI4: =IFERROR(INDEX($A$1:$R$500, MATCH(AH4,A:A,0),16),"") | AJ4: {=INDEX($A$1:$C$500, MATCH(1,($B:$B=$C4)*($C:$C=$AG4),0),1)} -> #N/A | AK4: {=INDEX($A$1:$C$500, MATCH(1,($B:$B=$AG4)*($C:$C=$C4),0),1)} -> #N/A | AL4: {=INDEX($A$1:$C$500, MATCH(1,($B:$B=$C4)*($C:$C=$AB4),0),1)} -> #N/A | AM4: {=INDEX($A$1:$C$500, MATCH(1,($B:$B=$AB4)*($C:$C=$C4),0),1)} -> #N/A | AN4: {=IFS(ISNUMBER(AJ4),AJ4,ISNUMBER(AK4),AK4,ISNUMBER(AL4),AL4,ISNUMBER(AM4),AM4)} -> #N/A | AO4: =IF(ISBLANK(AB4),"",INDEX($A$1:$R$500, MATCH(AN4,$A:$A,0),16)) | AP4: =IF(ISBLANK(AB4),"",iferror(if(or(ifna(AD4,1)=1,ifna(AO4,1)=1),"#N/A",if(countif({AO4,AD4},"VERY LOW")>=1,"VERY LOW",if(countif({AO4,AD4},"LOW")>=1,"LOW",if(countif({AO4,AD4},"MODERATE")>=1,"MODERATE",if(countif({AO4,AD4},"HIGH")>=1,"HIGH","Check manually"))))),"#N/A")) | AR4: =IF(OR(ISBLANK(AB4),ISBLANK(AQ4)),"",IFS(AND(AP4 = "HIGH",AQ4="Serious"),"MODERATE", AND(AP4 = "HIGH",AQ4="Not serious"),AP4, AND(AP4 = "MODERATE",AQ4="Serious"),"LOW", AND(AP4 = "MODERATE",AQ4 ="Not serious"),AP4, AND(AP4 = "LOW",AQ4="serious"),"VERY LOW", AND(AP4 = "LOW",AQ4="Not serious"),AP4, AND(AP4 = "HIGH",AQ4="Very serious"),"LOW", AND(AP4 = "MODERATE",AQ4="Very serious"),"VERY LOW", AND(AP4 = "LOW",AQ4="Very serious"),"VERY LOW", AP4 = "VERY LOW", AP4)) | AS4: =IFERROR(IF(AND(Preferences!B$3="Manual",OR(AX4/AW4>V4/U4,BD4="Serious",BD4="Very serious")),"Assess imprecision",IFERROR(IFS(AND(Preferences!B$3="Automatic",V4/U4>=30),"Extremely serious",AND(W4<=$D$1*-1,Y4<0,V4/U4<3),"Not Serious",AND(W4<=$D$1*-1,Y4<0,V4/U4>=3),"Very serious",AND(W4>=$D$1,X4>0,V4/U4<3),"Not Serious",AND(W4>=$D$1,X4>0,V4/U4>=3),"Very serious",AND(W4<=$D$1*-1,Y4>0,X4>$D$2*-1,V4/U4<3),"Serious", AND(W4<=$D$1*-1,Y4>0,X4<$D$2*-1,V4/U4<3),"Very serious", AND(W4>=$D$1,X4<0,Y4<$D$2,V4/U4<3),"Serious",AND(W4>=$D$1,X4<0,Y4>$D$2,V4/U4<3),"Very serious", AND(W4<=$D$1*-1,Y4>0,X4>$D$2*-1,V4/U4>=3),"Very serious", AND(W4<=$D$1*-1,Y4>0,X4<$D$2*-1,V4/U4>=3),"Very serious", AND(W4>=$D$1,X4<0,Y4<$D$2,V4/U4>=3),"Very serious", AND(W4>=$D$1,X4<0,Y4>$D$2,V4/U4>=3),"Very serious", AND(W4>$D$1*-1,W4<$D$1,X4>$D$1*-1,Y4<$D$1,V4/U4<3),"Not Serious", AND(W4>$D$1*-1,W4<$D$1,OR(X4<=$D$1*-1,Y4>=$D$1),X4>$D$2*-1,Y4<$D$2,V4/U4<3),"Serious", AND(W4>$D$1*-1,W4<$D$1,OR(X4<=$D$2*-1,Y4>=$D$2),V4/U4<3),"Very serious", AND(W4>$D$1*-1,W4<$D$1,X4>$D$1*-1,Y4<$D$1,V4/U4>=3),"Very serious", AND(W4>$D$1*-1,W4<$D$1,OR(X4<=$D$1*-1,Y4>=$D$1),X4>$D$2*-1,Y4<$D$2,V4/U4>=3),"Very serious", AND(W4>$D$1*-1,W4<$D$1,OR(X4<=$D$2*-1,Y4>=$D$2),V4/U4>=3),"Very serious"),"")),"") | AT4: =IFERROR(IFS(T4="NA","NA",AS4="","",AS4="Assess imprecision","", AND(AR4 = "HIGH",COUNTIF(AS4,"serious")>=1),"MODERATE", AND(AR4 = "HIGH",COUNTIF(AS4,"Very serious")>=1),"LOW", AND(AR4 = "HIGH",COUNTIF(AS4,"Extremely serious")>=1),"VERY LOW", AND(AR4 = "HIGH",COUNTIF(AS4,"Not serious")>=1),AR4, AND(AR4 = "MODERATE",COUNTIF(AS4,"serious")>=1),"LOW", AND(AR4 = "MODERATE",COUNTIF(AS4,"Very serious")>=1),"VERY LOW", AND(AR4 = "MODERATE",COUNTIF(AS4,"Extremely serious")>=1),"VERY LOW", AND(AR4 = "MODERATE",COUNTIF(AS4,"Not serious")>=1),AR4, AND(AR4 = "LOW",COUNTIF(AS4,"serious")>=1),"VERY LOW", AND(AR4 = "LOW",COUNTIF(AS4,"Very serious")>=1),"VERY LOW", AND(AR4 = "LOW",COUNTIF(AS4,"Extremely serious")>=1),"VERY LOW", AND(AR4 = "LOW",COUNTIF(AS4,"Not serious")>=1),AR4, AR4 = "VERY LOW", AR4),"") -> NA | AV4: 2.8536585 | AW4: 0.093250995 | AX4: 87.324998 | AY4: 54.589891 | AZ4: -29.152469 | BA4: 712.00314 | BB4: =IF(Preferences!B$9="Manual","",IFS(ISBLANK(B4),"",AND(ISNUMBER(E4)=TRUE,ISNUMBER(T4)=FALSE),"Direct", AND(ISNUMBER(E4)=FALSE,ISNUMBER(T4)=TRUE),"Indirect", CN4=4,"Direct",AND(CL4=FALSE, CM4=TRUE,CN4-CO4>-1),"Direct", AND(CL4=FALSE,CM4=TRUE, CN4-CO4<0),"Check algorithm in appendix 2", AND(CL4=TRUE, CM4=FALSE,CN4-CO4>0),"Check algorithm in appendix 2", AND(CL4=TRUE, CM4=FALSE,CN4-CO4=0),"Indirect", AND(CL4=TRUE, CM4=FALSE,CN4-CO4<0),"Indirect", AND(CL4=FALSE,CM4=FALSE,CN4-CO4>-1),"Direct", AND(CL4=FALSE,CM4=FALSE,CN4-CO4<0),"Check algorithm in appendix 2", AND(CL4=TRUE,CM4=TRUE,CN4-CO4>-1),"Direct", AND(CL4=TRUE,CM4=TRUE,CN4-CO4<0),"Check algorithm in appendix 2")) -> Direct | BC4: =IFS(BB4="Direct",P4,BB4="Indirect",AR4,BB4="","",BB4="Check algorithm in appendix 2","") -> HIGH | BD4: Not serious | BE4: =IF(Preferences!B$3="Manual","", IFERROR(IFS(AND(Preferences!B$3="Automatic",AX4/AW4>=30),"Extremely serious",AND(AY4<=$D$1*-1,BA4<0,AX4/AW4<3),"Not Serious",AND(AY4<=$D$1*-1,BA4<0,AX4/AW4>=3),"Very serious",AND(AY4>=$D$1,AZ4>0,AX4/AW4<3),"Not Serious",AND(AY4>=$D$1,AZ4>0,AX4/AW4>=3),"Very serious",AND(AY4<=$D$1*-1,BA4>0,AZ4>$D$2*-1,AX4/AW4<3),"Serious", AND(AY4<=$D$1*-1,BA4>0,AZ4<$D$2*-1,AX4/AW4<3),"Very serious", AND(AY4>=$D$1,AZ4<0,BA4<$D$2,AX4/AW4<3),"Serious",AND(AY4>=$D$1,AZ4<0,BA4>$D$2,AX4/AW4<3),"Very serious", AND(AY4<=$D$1*-1,BA4>0,AZ4>$D$2*-1,AX4/AW4>=3),"Very serious", AND(AY4<=$D$1*-1,BA4>0,AZ4<$D$2*-1,AX4/AW4>=3),"Very serious", AND(AY4>=$D$1,AZ4<0,BA4<$D$2,AX4/AW4>=3),"Very serious", AND(AY4>=$D$1,AZ4<0,BA4>$D$2,AX4/AW4>=3),"Very serious", AND(AY4>$D$1*-1,AY4<$D$1,AZ4>$D$1*-1,BA4<$D$1,AX4/AW4<3),"Not Serious", AND(AY4>$D$1*-1,AY4<$D$1,OR(AZ4<=$D$1*-1,BA4>=$D$1),AZ4>$D$2*-1,BA4<$D$2,AX4/AW4<3),"Serious", AND(AY4>$D$1*-1,AY4<$D$1,OR(AZ4<=$D$2*-1,BA4>=$D$2),AX4/AW4<3),"Very serious", AND(AY4>$D$1*-1,AY4<$D$1,AZ4>$D$1*-1,BA4<$D$1,AX4/AW4>=3),"Very serious", AND(AY4>$D$1*-1,AY4<$D$1,OR(AZ4<=$D$1*-1,BA4>=$D$1),AZ4>$D$2*-1,BA4<$D$2,AX4/AW4>=3),"Very serious", AND(AY4>$D$1*-1,AY4<$D$1,OR(AZ4<=$D$2*-1,BA4>=$D$2),AX4/AW4>=3),"Very serious"),"")) -> Extremely serious | BF4: =IF(OR(ISBLANK(BD4),AND(BE4<>"Not serious",BE4<>"Serious",BE4<>"Very serious",BE4<>"Extremely serious"),AS4="Assess imprecision",Q4="Assess imprecision"),"",IFERROR(IFS(BJ4-(2*COUNTIF(BD4,"Very serious")) - (2*COUNTIF(BE4,"Very serious"))- countif(BD4,"Serious") - countif(BE4,"Serious") - (3*countif(BE4,"Extremely serious"))=4,"HIGH", BJ4-(2*COUNTIF(BD4,"Very serious")) - (2*COUNTIF(BE4,"Very serious"))- countif(BD4,"Serious") - countif(BE4,"Serious") - (3*countif(BE4,"Extremely serious"))=3,"MODERATE", BJ4-(2*COUNTIF(BD4,"Very serious")) - (2*COUNTIF(BE4,"Very serious"))- countif(BD4,"Serious") - countif(BE4,"Serious") - (3*countif(BE4,"Extremely serious"))=2,"LOW", BJ4-(2*COUNTIF(BD4,"Very serious")) - (2*COUNTIF(BE4,"Very serious"))- countif(BD4,"Serious") - countif(BE4,"Serious") - (3*countif(BE4,"Extremely serious"))<=1,"VERY LOW"),"")) -> VERY LOW | BG4: =IFERROR(IFS(BD4="Serious","Finalize Direct & Indirect", BD4="Very serious","Finalize Direct & Indirect", BF4="HIGH","NMA",R4="HIGH","DIRECT",AT4="HIGH","INDIRECT",BF4="MODERATE","NMA",R4="MODERATE","DIRECT",AT4="MODERATE","INDIRECT",BF4="LOW","NMA",R4="LOW","DIRECT",AT4="LOW","INDIRECT",BF4="VERY LOW","NMA",R4="VERY LOW","DIRECT",AT4="VERY LOW","INDIRECT"),"") -> NMA | BH4: =IFS(BG4="NMA",BK4,BG4="Direct",BL4,BG4="Indirect",BM4) -> NO | BI4: =if(OR(AV4<=0.7,AV4>=1.3),iferror(if(AX4/AW4>=2.5,"Prelim Very serious",if(BA4-AZ4>200,"Prelim Very serious","Check manually")),if(isblank(AW4)=TRUE,"",if(AW4=0,"Prelim very serious","Error"))),"Check manually") -> Prelim Very serious | BJ4: =ifs(BC4="HIGH",4,BC4="MODERATE",3,BC4="LOW",2,BC4="VERY LOW",1) -> 4 | BK4: =IF(AND(AW4<1,AX4>1),"NO","YES") -> NO | BL4: =IF(AND(F4<1,G4>1),"NO","YES") -> NO | BM4: =IF(AND(U4<1,V4>1),"NO","YES") -> YES | BN4: =(iferror(ifs(L4="Serious","RoB, ",L4="Very Serious","RoBx2, "),"")&iferror(ifs(M4="Serious","Inconsistency, ",M4="Very Serious","Inconsistencyx2, "),"")&iferror(ifs(N4="Serious","Indirectness, ",N4="Very serious","Indirectnessx2, "),"")&iferror(ifs(O4="Serious","Publication bias, "),"")&iferror(ifs(CH4="Serious","Imprecision, ",CH4="Very Serious","Imprecisionx2, ",CH4="Extremely serious","Imprecisionx3, "),"")&iferror(ifs(CI4="Serious","Incoherence, ",CI4="Very Serious","Incoherencex2, ",CI4="NA","",CI4="Not serious",""),"")) -> Imprecisionx3, | BO4: =(IFERROR(IFS(BU4="RoB","RoB, ",BU4="RoBx2","RoBx2, ",BU4="NA",""),"")&IFERROR(IFS(BY4="RoB","Inconsistency, ",BY4="RoBx2","Inconsistencyx2, ",BY4="NA","")&IFERROR(IFS(CC4="RoB","Indirectness, ",CC4="RoBx2","Indirectnessx2, ",CC4="NA",""),"")&IFERROR(IFS(CG4="RoB","Publication bias, ",CG4="RoBx2","Publication biasx2, ",CG4="NA",""),"")&IFERROR(IFS(CH4="Serious","Imprecision, ",CH4="Very serious","Imprecisionx2, ",CH4="Extremely serious","Imprecisionx3, ",CH4="Not serious",""),"")&IFERROR(IFS(AQ4="Serious","Intransitivity, ",AQ4="Very serious","Intransitivityx2, ",AQ4="NA","",AQ4="Not serious",""),"")&IFERROR(IFS(CI4="Serious","Incoherence, ",CI4="Very serious","Incoherencex2, ",CI4="NA","",CI4="Not serious",""),""))) | BP4: =IFS(BB4="Direct",BN4,BB4="Indirect",BO4) -> Imprecisionx3, | BQ4: =IFERROR(LEFT(BP4, LEN(BP4)-2),"") -> Imprecisionx3 | BR4: =IFERROR(INDEX($A$4:$BF500,MATCH($AC4,$A$4:$A500,0),12),"NA") -> NA | BS4: =IFERROR(INDEX($A$4:$BF500,MATCH($AH4,$A$4:$A500,0),12),"NA") | BT4: =IFERROR(INDEX($A$4:$BF500,MATCH($AN4,$A$4:$A500,0),12),"NA") -> NA | BU4: =IFS(OR(BR4="Very Serious",BS4 = "Very Serious",BT4 = "Very Serious"), "RoBx2", OR(BR4="Serious",BS4 = "Serious",BT4 = "Serious"),"RoB", AND(BR4="NA",BS4 = "NA",BT4 = "NA"),"NA", OR(BR4="Not Serious",BS4 = "Not Serious",BT4 = "Not Serious"),"NA") -> #N/A | BV4: =IFERROR(INDEX($A$4:$BF500,MATCH($AC4,$A$4:$A500,0),13),"NA") -> NA | BW4: =IFERROR(INDEX($A$4:$BF500,MATCH($AH4,$A$4:$A500,0),13),"NA") | BX4: =IFERROR(INDEX($A$4:$BF500,MATCH($AN4,$A$4:$A500,0),13),"NA") -> NA | BY4: =IFS(OR(BV4="Very Serious",BW4 = "Very Serious",BX4 = "Very Serious"), "RoBx2", OR(BV4="Serious",BW4 = "Serious",BX4 = "Serious"),"RoB", AND(BV4="NA",BW4 = "NA",BX4 = "NA"),"NA", OR(BV4="Not Serious",BW4 = "Not Serious",BX4 = "Not Serious"),"NA") -> #N/A | BZ4: =IFERROR(INDEX($A$4:$BF500,MATCH($AC4,$A$4:$A500,0),14),"NA") -> NA | CA4: =IFERROR(INDEX($A$4:$BF500,MATCH($AH4,$A$4:$A500,0),14),"NA") | CB4: =IFERROR(INDEX($A$4:$BF500,MATCH($AN4,$A$4:$A500,0),14),"NA") -> NA | CC4: =IFS(OR(BZ4="Very Serious",CA4 = "Very Serious",CB4 = "Very Serious"), "RoBx2", OR(BZ4="Serious",CA4 = "Serious",CB4 = "Serious"),"RoB", AND(BZ4="NA",CA4 = "NA",CB4 = "NA"),"NA", OR(BZ4="Not Serious",CA4 = "Not Serious",CB4 = "Not Serious"),"NA") -> #N/A | CD4: =IFERROR(INDEX($A$4:$BF500,MATCH($AC4,$A$4:$A500,0),15),"NA") -> NA | CE4: =IFERROR(INDEX($A$4:$BF500,MATCH($AH4,$A$4:$A500,0),15),"NA") | CF4: =IFERROR(INDEX($A$4:$BF500,MATCH($AN4,$A$4:$A500,0),15),"NA") -> NA | CG4: =IFS(OR(CD4="Very Serious",CE4 = "Very Serious",CF4 = "Very Serious"), "RoBx2", OR(CD4="Serious",CE4 = "Serious",CF4 = "Serious"),"RoB", AND(CD4="NA",CE4 = "NA",CF4 = "NA"),"NA", OR(CD4="Not Serious",CE4 = "Not Serious",CF4 = "Not Serious"),"NA") -> #N/A | CH4: =IFS(BG4="NMA",BE4,BG4="Direct",Q4,BG4="Indirect",AS4) -> Extremely serious | CI4: =IFS(BG4="NMA",BD4,BG4="Direct","NA",BG4="Indirect","NA") -> Not serious | CJ4: =if(count(AV4:BA4)=6,if(abs(AY4)>=$D$1, if(AY4>0,if(OR(AZ4<0,BA4<0),if(and(BA4>$D$2,AZ4<$D$1),"2x, RD CIs very wide: Large harm to trivial effect or more","1x, RD CIs wide: crosses 0"),if(OR(AV4>=1.3,AV4<=0.7), if(and(count(AW4)=1,count(AX4)=1),if(round(AX4/AW4,2)>=2.5,"Wide OR CI: OIS not met","No serious imprecision"),"ERROR: check cell"),"No serious imprecision")),if(OR(AZ4>=0,BA4>=0),if(and(AZ4<(-1*$D$2),BA4>(-1*$D$1)),"2x, RD CIs very wide: Large benefit to trivial effect or more","1x, RD CIs wide: crosses 0"),if(OR(AV4>=1.3,AV4<=0.7), if(and(count(AW4)=1,count(AX4)=1),if(round(AX4/AW4,2)>=2.5,"Wide OR CI: OIS not met","No serious imprecision"),"ERROR: check cell"),"No serious imprecision"))),if(AY4>0,if(OR(AZ4<(-1*$D$1),BA4>$D$1),if(and(BA4>$D$2,AZ4<$D$1),"2x, RD CIs very wide: Large harm to trivial effect or more","1x, RD CIs wide: crosses MID"),if(OR(AV4>=1.3,AV4<=0.7), if(and(count(AW4)=1,count(AX4)=1),if(round(AX4/AW4,2)>=2.5,"Wide OR CI: OIS not met","No serious imprecision"),"ERROR: check cell"),"No serious imprecision")),if(OR(AZ4<=(-1*$D$1),BA4>=$D$1),if(and(AZ4<(-1*$D$2),BA4>(-1*$D$1)),"2x, RD CIs very wide: Large benefit to trivial effect or more","1x, RD CIs wide: crosses MID"),if(OR(AV4>=1.3,AV4<=0.7), if(and(count(AW4)=1,count(AX4)=1),if(round(AX4/AW4,2)>=2.5,"Wide OR CI: OIS not met","No serious imprecision"),"ERROR: check cell"),"No serious imprecision")))),"ERROR: check cell") -> 2x, RD CIs very wide: Large harm to trivial effect or more | CL4: =AND(OR(AX4/G4<0.9,AX4/G4>1.1),OR(AW4/F4<0.9,AW4/F4>1.1)) -> FALSE | CM4: =AND(OR(AX4/V4<0.9,AX4/V4>1.1),OR(AW4/U4<0.9,AW4/U4>1.1)) -> #VALUE! | CN4: =(4-(3*COUNTIF(P4,"VERY LOW"))-2*countif(P4,"LOW")-1*countif(P4,"MODERATE")) -> 4 | CO4: =(4-(3*COUNTIF(AR4,"VERY LOW"))-2*countif(AR4,"LOW")-1*countif(AR4,"MODERATE")) -> 4 | CP4: =IFS(C4=Preferences!B$13,B4,B4=Preferences!B$13,C4) -> A
A5: =IF(ISBLANK(B5),"",A4+1) -> 2 | B5: B | C5: Plac | E5: 0.52343627 | F5: 0.32876665 | G5: 0.83752584 | H5: -15.105893 | I5: -21.412973 | J5: -5.0975873 | L5: Serious | M5: Not serious | N5: Not serious | O5: Not serious | P5: =IF(OR(ISBLANK(L5),ISBLANK(M5),ISBLANK(N5),ISBLANK(O5)),"",if(OR(iserror(L5)=TRUE,iferror(L5="NA","NA")),"NA",ifs(4-(2*COUNTIF(L5:O5,"Very serious"))-countif(L5:O5,"Serious")=4,"HIGH",4-(2*COUNTIF(L5:O5,"Very serious"))-countif(L5:O5,"Serious")=3,"MODERATE",4-(2*COUNTIF(L5:O5,"Very serious"))-countif(L5:O5,"Serious")=2,"LOW",4-(2*COUNTIF(L5:O5,"Very serious"))-countif(L5:O5,"Serious")<=1,"VERY LOW"))) -> MODERATE | Q5: =IFERROR(IF(AND(Preferences!B$3="Manual",OR(AX5/AW5>G5/F5,BD5="Serious",BD5="Very serious")),"Assess imprecision",IFS(ISBLANK(E5),"",AND(Preferences!B$3="Automatic", G5/F5>=30),"Extremely serious",AND(H5<=$D$1*-1,J5<0,G5/F5<3),"Not serious",AND(H5<=$D$1*-1,J5<0,G5/F5>=3),"Very serious",AND(H5>=$D$1,I5>0,G5/F5<3),"Not serious",AND(H5>=$D$1,I5>0,G5/F5>=3),"Very serious",AND(H5<=$D$1*-1,J5>0,I5>$D$2*-1,G5/F5<3),"Serious", AND(H5<=$D$1*-1,J5>0,I5<$D$2*-1,G5/F5<3),"Very serious", AND(H5>=$D$1,I5<0,J5<$D$2,G5/F5<3),"Serious",AND(H5>=$D$1,I5<0,J5>$D$2,G5/F5<3),"Very serious", AND(H5<=$D$1*-1,J5>0,I5>$D$2*-1,G5/F5>=3),"Very serious", AND(H5<=$D$1*-1,J5>0,I5<$D$2*-1,G5/F5>=3),"Very serious", AND(H5>=$D$1,I5<0,J5<$D$2,G5/F5>=3),"Very serious", AND(H5>=$D$1,I5<0,J5>$D$2,G5/F5>=3),"Very serious", AND(H5>$D$1*-1,H5<$D$1,I5>$D$1*-1,J5<$D$1,G5/F5<3),"Not serious", AND(H5>$D$1*-1,H5<$D$1,OR(I5<=$D$1*-1,J5>=$D$1),I5>$D$2*-1,J5<$D$2,G5/F5<3),"Serious", AND(H5>$D$1*-1,H5<$D$1,OR(I5<=$D$2*-1,J5>=$D$2),G5/F5<3),"Very serious", AND(H5>$D$1*-1,H5<$D$1,I5>$D$1*-1,J5<$D$1,G5/F5>=3),"Very serious", AND(H5>$D$1*-1,H5<$D$1,OR(I5<=$D$1*-1,J5>=$D$1),I5>$D$2*-1,J5<$D$2,G5/F5>=3),"Very serious", AND(H5>$D$1*-1,H5<$D$1,OR(I5<=$D$2*-1,J5>=$D$2),G5/F5>=3),"Very serious")),"") -> Serious | R5: {=IFERROR(IFS(Q5="","",E5="NA","NA", AND(P5 = "HIGH",COUNTIF(Q5,"serious")>=1),"MODERATE", AND(P5 = "HIGH",COUNTIF(Q5,"Very serious")>=1),"LOW", AND(P5 = "HIGH",COUNTIF(Q5,"Extremely serious")>=1),"VERY LOW", AND(P5 = "HIGH",COUNTIF(Q5,"Not serious")>=1),P5, AND(P5 = "MODERATE",COUNTIF(Q5,"serious")>=1),"LOW", AND(P5 = "MODERATE",COUNTIF(Q5,"Very serious")>=1),"VERY LOW", AND(P5 = "MODERATE",COUNTIF(Q5,"Extremely serious")>=1),"VERY LOW", AND(P5 = "MODERATE",COUNTIF(Q5,"Not serious")>=1),P5, AND(P5 = "LOW",COUNTIF(Q5,"serious")>=1),"VERY LOW", AND(P5 = "LOW",COUNTIF(Q5,"Very serious")>=1),"VERY LOW", AND(P5 = "LOW",COUNTIF(Q5,"Extremely serious")>=1),"VERY LOW", AND(P5 = "LOW",COUNTIF(Q5,"Not serious")>=1),P5, P5 = "VERY LOW", P5),"")} -> LOW | T5: 0.35085325 | U5: 0.064485449 | V5: 1.8003028 | W5: -20.693323 | X5: -30.106068 | Y5: 24.34928 | Z5: {=INDEX($A$1:$C$500, MATCH(1,($B:$B=$B5)*($C:$C=$AB5),0),1)} -> 8 | AA5: {=INDEX($A$1:$C$500, MATCH(1,($B:$B=$AB5)*($C:$C=$B5),0),1)} -> #N/A | AB5: C | AC5: =IF(ISNUMBER(Z5),Z5,AA5) -> 8 | AD5: =IFERROR(INDEX($A$1:$R$500, MATCH(AC5,A:A,0),16),"") -> HIGH | AE5: {=INDEX($A$1:$C$500, MATCH(1,($B:$B=$AB5)*($C:$C=$AG5),0),1)} -> #N/A | AF5: {=INDEX($A$1:$C$500, MATCH(1,($B:$B=$AG5)*($C:$C=$AB5),0),1)} -> #N/A | AH5: =IF(ISNUMBER(AE5),AE5,AF5) -> #N/A | AI5: =IFERROR(INDEX($A$1:$R$500, MATCH(AH5,A:A,0),16),"") | AJ5: {=INDEX($A$1:$C$500, MATCH(1,($B:$B=$C5)*($C:$C=$AG5),0),1)} -> #N/A | AK5: {=INDEX($A$1:$C$500, MATCH(1,($B:$B=$AG5)*($C:$C=$C5),0),1)} -> #N/A | AL5: {=INDEX($A$1:$C$500, MATCH(1,($B:$B=$C5)*($C:$C=$AB5),0),1)} -> #N/A | AM5: {=INDEX($A$1:$C$500, MATCH(1,($B:$B=$AB5)*($C:$C=$C5),0),1)} -> 3 | AN5: {=IFS(ISNUMBER(AJ5),AJ5,ISNUMBER(AK5),AK5,ISNUMBER(AL5),AL5,ISNUMBER(AM5),AM5)} -> 3 | AO5: =IF(ISBLANK(AB5),"",INDEX($A$1:$R$500, MATCH(AN5,$A:$A,0),16)) -> MODERATE | AP5: =IF(ISBLANK(AB5),"",iferror(if(or(ifna(AD5,1)=1,ifna(AO5,1)=1),"#N/A",if(countif({AO5,AD5},"VERY LOW")>=1,"VERY LOW",if(countif({AO5,AD5},"LOW")>=1,"LOW",if(countif({AO5,AD5},"MODERATE")>=1,"MODERATE",if(countif({AO5,AD5},"HIGH")>=1,"HIGH","Check manually"))))),"#N/A")) -> MODERATE | AQ5: Not serious | AR5: =IF(OR(ISBLANK(AB5),ISBLANK(AQ5)),"",IFS(AND(AP5 = "HIGH",AQ5="Serious"),"MODERATE", AND(AP5 = "HIGH",AQ5="Not serious"),AP5, AND(AP5 = "MODERATE",AQ5="Serious"),"LOW", AND(AP5 = "MODERATE",AQ5 ="Not serious"),AP5, AND(AP5 = "LOW",AQ5="serious"),"VERY LOW", AND(AP5 = "LOW",AQ5="Not serious"),AP5, AND(AP5 = "HIGH",AQ5="Very serious"),"LOW", AND(AP5 = "MODERATE",AQ5="Very serious"),"VERY LOW", AND(AP5 = "LOW",AQ5="Very serious"),"VERY LOW", AP5 = "VERY LOW", AP5)) -> MODERATE | AS5: =IFERROR(IF(AND(Preferences!B$3="Manual",OR(AX5/AW5>V5/U5,BD5="Serious",BD5="Very serious")),"Assess imprecision",IFERROR(IFS(AND(Preferences!B$3="Automatic",V5/U5>=30),"Extremely serious",AND(W5<=$D$1*-1,Y5<0,V5/U5<3),"Not Serious",AND(W5<=$D$1*-1,Y5<0,V5/U5>=3),"Very serious",AND(W5>=$D$1,X5>0,V5/U5<3),"Not Serious",AND(W5>=$D$1,X5>0,V5/U5>=3),"Very serious",AND(W5<=$D$1*-1,Y5>0,X5>$D$2*-1,V5/U5<3),"Serious", AND(W5<=$D$1*-1,Y5>0,X5<$D$2*-1,V5/U5<3),"Very serious", AND(W5>=$D$1,X5<0,Y5<$D$2,V5/U5<3),"Serious",AND(W5>=$D$1,X5<0,Y5>$D$2,V5/U5<3),"Very serious", AND(W5<=$D$1*-1,Y5>0,X5>$D$2*-1,V5/U5>=3),"Very serious", AND(W5<=$D$1*-1,Y5>0,X5<$D$2*-1,V5/U5>=3),"Very serious", AND(W5>=$D$1,X5<0,Y5<$D$2,V5/U5>=3),"Very serious", AND(W5>=$D$1,X5<0,Y5>$D$2,V5/U5>=3),"Very serious", AND(W5>$D$1*-1,W5<$D$1,X5>$D$1*-1,Y5<$D$1,V5/U5<3),"Not Serious", AND(W5>$D$1*-1,W5<$D$1,OR(X5<=$D$1*-1,Y5>=$D$1),X5>$D$2*-1,Y5<$D$2,V5/U5<3),"Serious", AND(W5>$D$1*-1,W5<$D$1,OR(X5<=$D$2*-1,Y5>=$D$2),V5/U5<3),"Very serious", AND(W5>$D$1*-1,W5<$D$1,X5>$D$1*-1,Y5<$D$1,V5/U5>=3),"Very serious", AND(W5>$D$1*-1,W5<$D$1,OR(X5<=$D$1*-1,Y5>=$D$1),X5>$D$2*-1,Y5<$D$2,V5/U5>=3),"Very serious", AND(W5>$D$1*-1,W5<$D$1,OR(X5<=$D$2*-1,Y5>=$D$2),V5/U5>=3),"Very serious"),"")),"") -> Very serious | AT5: =IFERROR(IFS(T5="NA","NA",AS5="","",AS5="Assess imprecision","", AND(AR5 = "HIGH",COUNTIF(AS5,"serious")>=1),"MODERATE", AND(AR5 = "HIGH",COUNTIF(AS5,"Very serious")>=1),"LOW", AND(AR5 = "HIGH",COUNTIF(AS5,"Extremely serious")>=1),"VERY LOW", AND(AR5 = "HIGH",COUNTIF(AS5,"Not serious")>=1),AR5, AND(AR5 = "MODERATE",COUNTIF(AS5,"serious")>=1),"LOW", AND(AR5 = "MODERATE",COUNTIF(AS5,"Very serious")>=1),"VERY LOW", AND(AR5 = "MODERATE",COUNTIF(AS5,"Extremely serious")>=1),"VERY LOW", AND(AR5 = "MODERATE",COUNTIF(AS5,"Not serious")>=1),AR5, AND(AR5 = "LOW",COUNTIF(AS5,"serious")>=1),"VERY LOW", AND(AR5 = "LOW",COUNTIF(AS5,"Very serious")>=1),"VERY LOW", AND(AR5 = "LOW",COUNTIF(AS5,"Extremely serious")>=1),"VERY LOW", AND(AR5 = "LOW",COUNTIF(AS5,"Not serious")>=1),AR5, AR5 = "VERY LOW", AR5),"") -> VERY LOW | AV5: 0.49773374 | AW5: 0.31694089 | AX5: 0.77733024 | AY5: -15.534908 | AZ5: -21.724822 | BA5: -7.2300561 | BB5: =IF(Preferences!B$9="Manual","",IFS(ISBLANK(B5),"",AND(ISNUMBER(E5)=TRUE,ISNUMBER(T5)=FALSE),"Direct", AND(ISNUMBER(E5)=FALSE,ISNUMBER(T5)=TRUE),"Indirect", CN5=4,"Direct",AND(CL5=FALSE, CM5=TRUE,CN5-CO5>-1),"Direct", AND(CL5=FALSE,CM5=TRUE, CN5-CO5<0),"Check algorithm in appendix 2", AND(CL5=TRUE, CM5=FALSE,CN5-CO5>0),"Check algorithm in appendix 2", AND(CL5=TRUE, CM5=FALSE,CN5-CO5=0),"Indirect", AND(CL5=TRUE, CM5=FALSE,CN5-CO5<0),"Indirect", AND(CL5=FALSE,CM5=FALSE,CN5-CO5>-1),"Direct", AND(CL5=FALSE,CM5=FALSE,CN5-CO5<0),"Check algorithm in appendix 2", AND(CL5=TRUE,CM5=TRUE,CN5-CO5>-1),"Direct", AND(CL5=TRUE,CM5=TRUE,CN5-CO5<0),"Check algorithm in appendix 2")) -> Direct | BC5: =IFS(BB5="Direct",P5,BB5="Indirect",AR5,BB5="","",BB5="Check algorithm in appendix 2","") -> MODERATE | BD5: Not serious | BE5: =IF(Preferences!B$3="Manual","", IFERROR(IFS(AND(Preferences!B$3="Automatic",AX5/AW5>=30),"Extremely serious",AND(AY5<=$D$1*-1,BA5<0,AX5/AW5<3),"Not Serious",AND(AY5<=$D$1*-1,BA5<0,AX5/AW5>=3),"Very serious",AND(AY5>=$D$1,AZ5>0,AX5/AW5<3),"Not Serious",AND(AY5>=$D$1,AZ5>0,AX5/AW5>=3),"Very serious",AND(AY5<=$D$1*-1,BA5>0,AZ5>$D$2*-1,AX5/AW5<3),"Serious", AND(AY5<=$D$1*-1,BA5>0,AZ5<$D$2*-1,AX5/AW5<3),"Very serious", AND(AY5>=$D$1,AZ5<0,BA5<$D$2,AX5/AW5<3),"Serious",AND(AY5>=$D$1,AZ5<0,BA5>$D$2,AX5/AW5<3),"Very serious", AND(AY5<=$D$1*-1,BA5>0,AZ5>$D$2*-1,AX5/AW5>=3),"Very serious", AND(AY5<=$D$1*-1,BA5>0,AZ5<$D$2*-1,AX5/AW5>=3),"Very serious", AND(AY5>=$D$1,AZ5<0,BA5<$D$2,AX5/AW5>=3),"Very serious", AND(AY5>=$D$1,AZ5<0,BA5>$D$2,AX5/AW5>=3),"Very serious", AND(AY5>$D$1*-1,AY5<$D$1,AZ5>$D$1*-1,BA5<$D$1,AX5/AW5<3),"Not Serious", AND(AY5>$D$1*-1,AY5<$D$1,OR(AZ5<=$D$1*-1,BA5>=$D$1),AZ5>$D$2*-1,BA5<$D$2,AX5/AW5<3),"Serious", AND(AY5>$D$1*-1,AY5<$D$1,OR(AZ5<=$D$2*-1,BA5>=$D$2),AX5/AW5<3),"Very serious", AND(AY5>$D$1*-1,AY5<$D$1,AZ5>$D$1*-1,BA5<$D$1,AX5/AW5>=3),"Very serious", AND(AY5>$D$1*-1,AY5<$D$1,OR(AZ5<=$D$1*-1,BA5>=$D$1),AZ5>$D$2*-1,BA5<$D$2,AX5/AW5>=3),"Very serious", AND(AY5>$D$1*-1,AY5<$D$1,OR(AZ5<=$D$2*-1,BA5>=$D$2),AX5/AW5>=3),"Very serious"),"")) -> Serious | BF5: =IF(OR(ISBLANK(BD5),AND(BE5<>"Not serious",BE5<>"Serious",BE5<>"Very serious",BE5<>"Extremely serious"),AS5="Assess imprecision",Q5="Assess imprecision"),"",IFERROR(IFS(BJ5-(2*COUNTIF(BD5,"Very serious")) - (2*COUNTIF(BE5,"Very serious"))- countif(BD5,"Serious") - countif(BE5,"Serious") - (3*countif(BE5,"Extremely serious"))=4,"HIGH", BJ5-(2*COUNTIF(BD5,"Very serious")) - (2*COUNTIF(BE5,"Very serious"))- countif(BD5,"Serious") - countif(BE5,"Serious") - (3*countif(BE5,"Extremely serious"))=3,"MODERATE", BJ5-(2*COUNTIF(BD5,"Very serious")) - (2*COUNTIF(BE5,"Very serious"))- countif(BD5,"Serious") - countif(BE5,"Serious") - (3*countif(BE5,"Extremely serious"))=2,"LOW", BJ5-(2*COUNTIF(BD5,"Very serious")) - (2*COUNTIF(BE5,"Very serious"))- countif(BD5,"Serious") - countif(BE5,"Serious") - (3*countif(BE5,"Extremely serious"))<=1,"VERY LOW"),"")) -> LOW | BG5: =IFERROR(IFS(BF5="HIGH","NMA",R5="HIGH","DIRECT",AT5="HIGH","INDIRECT",BF5="MODERATE","NMA",R5="MODERATE","DIRECT",AT5="MODERATE","INDIRECT",BF5="LOW","NMA",R5="LOW","DIRECT",AT5="LOW","INDIRECT",BF5="VERY LOW","NMA",R5="VERY LOW","DIRECT",AT5="VERY LOW","INDIRECT"),"") -> NMA | BH5: =IFS(BG5="NMA",BK5,BG5="Direct",BL5,BG5="Indirect",BM5) -> YES | BI5: =if(OR(AV5<=0.7,AV5>=1.3),iferror(if(AX5/AW5>=2.5,"Prelim Very serious",if(BA5-AZ5>200,"Prelim Very serious","Check manually")),if(isblank(AW5)=TRUE,"",if(AW5=0,"Prelim very serious","Error"))),"Check manually") -> Check manually | BJ5: =ifs(BC5="HIGH",4,BC5="MODERATE",3,BC5="LOW",2,BC5="VERY LOW",1) -> 3 | BK5: =IF(AND(AW5<1,AX5>1),"NO","YES") -> YES | BL5: =IF(AND(F5<1,G5>1),"NO","YES") -> YES | BM5: =IF(AND(U5<1,V5>1),"NO","YES") -> NO | BN5: =(iferror(ifs(L5="Serious","RoB, ",L5="Very Serious","RoBx2, "),"")&iferror(ifs(M5="Serious","Inconsistency, ",M5="Very Serious","Inconsistencyx2, "),"")&iferror(ifs(N5="Serious","Indirectness, ",N5="Very serious","Indirectnessx2, "),"")&iferror(ifs(O5="Serious","Publication bias, "),"")&iferror(ifs(CH5="Serious","Imprecision, ",CH5="Very Serious","Imprecisionx2, ",CH5="Extremely serious","Imprecisionx3, "),"")&iferror(ifs(CI5="Serious","Incoherence, ",CI5="Very Serious","Incoherencex2, ",CI5="NA","",CI5="Not serious",""),"")) -> RoB, Imprecision, | BO5: =(IFERROR(IFS(BU5="RoB","RoB, ",BU5="RoBx2","RoBx2, ",BU5="NA",""),"")&IFERROR(IFS(BY5="RoB","Inconsistency, ",BY5="RoBx2","Inconsistencyx2, ",BY5="NA","")&IFERROR(IFS(CC5="RoB","Indirectness, ",CC5="RoBx2","Indirectnessx2, ",CC5="NA",""),"")&IFERROR(IFS(CG5="RoB","Publication bias, ",CG5="RoBx2","Publication biasx2, ",CG5="NA",""),"")&IFERROR(IFS(CH5="Serious","Imprecision, ",CH5="Very serious","Imprecisionx2, ",CH5="Extremely serious","Imprecisionx3, ",CH5="Not serious",""),"")&IFERROR(IFS(AQ5="Serious","Intransitivity, ",AQ5="Very serious","Intransitivityx2, ",AQ5="NA","",AQ5="Not serious",""),"")&IFERROR(IFS(CI5="Serious","Incoherence, ",CI5="Very serious","Incoherencex2, ",CI5="NA","",CI5="Not serious",""),""))) -> RoB, Imprecision, | BP5: =IFS(BB5="Direct",BN5,BB5="Indirect",BO5) -> RoB, Imprecision, | BQ5: =IFERROR(LEFT(BP5, LEN(BP5)-2),"") -> RoB, Imprecision | BR5: =IFERROR(INDEX($A$4:$BF501,MATCH($AC5,$A$4:$A501,0),12),"NA") -> Not serious | BS5: =IFERROR(INDEX($A$4:$BF501,MATCH($AH5,$A$4:$A501,0),12),"NA") -> NA | BT5: =IFERROR(INDEX($A$4:$BF501,MATCH($AN5,$A$4:$A501,0),12),"NA") -> Serious | BU5: =IFS(OR(BR5="Very Serious",BS5 = "Very Serious",BT5 = "Very Serious"), "RoBx2", OR(BR5="Serious",BS5 = "Serious",BT5 = "Serious"),"RoB", AND(BR5="NA",BS5 = "NA",BT5 = "NA"),"NA", OR(BR5="Not Serious",BS5 = "Not Serious",BT5 = "Not Serious"),"NA") -> RoB | BV5: =IFERROR(INDEX($A$4:$BF501,MATCH($AC5,$A$4:$A501,0),13),"NA") -> Not serious | BW5: =IFERROR(INDEX($A$4:$BF501,MATCH($AH5,$A$4:$A501,0),13),"NA") -> NA | BX5: =IFERROR(INDEX($A$4:$BF501,MATCH($AN5,$A$4:$A501,0),13),"NA") -> Not serious | BY5: =IFS(OR(BV5="Very Serious",BW5 = "Very Serious",BX5 = "Very Serious"), "RoBx2", OR(BV5="Serious",BW5 = "Serious",BX5 = "Serious"),"RoB", AND(BV5="NA",BW5 = "NA",BX5 = "NA"),"NA", OR(BV5="Not Serious",BW5 = "Not Serious",BX5 = "Not Serious"),"NA") -> NA | BZ5: =IFERROR(INDEX($A$4:$BF501,MATCH($AC5,$A$4:$A501,0),14),"NA") -> Not serious | CA5: =IFERROR(INDEX($A$4:$BF501,MATCH($AH5,$A$4:$A501,0),14),"NA") -> NA | CB5: =IFERROR(INDEX($A$4:$BF501,MATCH($AN5,$A$4:$A501,0),14),"NA") -> Not serious | CC5: =IFS(OR(BZ5="Very Serious",CA5 = "Very Serious",CB5 = "Very Serious"), "RoBx2", OR(BZ5="Serious",CA5 = "Serious",CB5 = "Serious"),"RoB", AND(BZ5="NA",CA5 = "NA",CB5 = "NA"),"NA", OR(BZ5="Not Serious",CA5 = "Not Serious",CB5 = "Not Serious"),"NA") -> NA | CD5: =IFERROR(INDEX($A$4:$BF501,MATCH($AC5,$A$4:$A501,0),15),"NA") -> Not serious | CE5: =IFERROR(INDEX($A$4:$BF501,MATCH($AH5,$A$4:$A501,0),15),"NA") -> NA | CF5: =IFERROR(INDEX($A$4:$BF501,MATCH($AN5,$A$4:$A501,0),15),"NA") -> Not serious | CG5: =IFS(OR(CD5="Very Serious",CE5 = "Very Serious",CF5 = "Very Serious"), "RoBx2", OR(CD5="Serious",CE5 = "Serious",CF5 = "Serious"),"RoB", AND(CD5="NA",CE5 = "NA",CF5 = "NA"),"NA", OR(CD5="Not Serious",CE5 = "Not Serious",CF5 = "Not Serious"),"NA") -> NA | CH5: =IFS(BG5="NMA",BE5,BG5="Direct",Q5,BG5="Indirect",AS5) -> Serious | CI5: =IFS(BG5="NMA",BD5,BG5="Direct","NA",BG5="Indirect","NA") -> Not serious | CJ5: =if(count(AV5:BA5)=6,if(abs(AY5)>=$D$1, if(AY5>0,if(OR(AZ5<0,BA5<0),if(and(BA5>$D$2,AZ5<$D$1),"2x, RD CIs very wide: Large harm to trivial effect or more","1x, RD CIs wide: crosses 0"),if(OR(AV5>=1.3,AV5<=0.7), if(and(count(AW5)=1,count(AX5)=1),if(round(AX5/AW5,2)>=2.5,"Wide OR CI: OIS not met","No serious imprecision"),"ERROR: check cell"),"No serious imprecision")),if(OR(AZ5>=0,BA5>=0),if(and(AZ5<(-1*$D$2),BA5>(-1*$D$1)),"2x, RD CIs very wide: Large benefit to trivial effect or more","1x, RD CIs wide: crosses 0"),if(OR(AV5>=1.3,AV5<=0.7), if(and(count(AW5)=1,count(AX5)=1),if(round(AX5/AW5,2)>=2.5,"Wide OR CI: OIS not met","No serious imprecision"),"ERROR: check cell"),"No serious imprecision"))),if(AY5>0,if(OR(AZ5<(-1*$D$1),BA5>$D$1),if(and(BA5>$D$2,AZ5<$D$1),"2x, RD CIs very wide: Large harm to trivial effect or more","1x, RD CIs wide: crosses MID"),if(OR(AV5>=1.3,AV5<=0.7), if(and(count(AW5)=1,count(AX5)=1),if(round(AX5/AW5,2)>=2.5,"Wide OR CI: OIS not met","No serious imprecision"),"ERROR: check cell"),"No serious imprecision")),if(OR(AZ5<=(-1*$D$1),BA5>=$D$1),if(and(AZ5<(-1*$D$2),BA5>(-1*$D$1)),"2x, RD CIs very wide: Large benefit to trivial effect or more","1x, RD CIs wide: crosses MID"),if(OR(AV5>=1.3,AV5<=0.7), if(and(count(AW5)=1,count(AX5)=1),if(round(AX5/AW5,2)>=2.5,"Wide OR CI: OIS not met","No serious imprecision"),"ERROR: check cell"),"No serious imprecision")))),"ERROR: check cell") -> 1x, RD CIs wide: crosses MID | CL5: =AND(OR(AX5/G5<0.9,AX5/G5>1.1),OR(AW5/F5<0.9,AW5/F5>1.1)) -> FALSE | CM5: =AND(OR(AX5/V5<0.9,AX5/V5>1.1),OR(AW5/U5<0.9,AW5/U5>1.1)) -> TRUE | CN5: =(4-(3*COUNTIF(P5,"VERY LOW"))-2*countif(P5,"LOW")-1*countif(P5,"MODERATE")) -> 3 | CO5: =(4-(3*COUNTIF(AR5,"VERY LOW"))-2*countif(AR5,"LOW")-1*countif(AR5,"MODERATE")) -> 3 | CP5: =IFS(C5=Preferences!B$13,B5,B5=Preferences!B$13,C5) -> B
A6: =IF(ISBLANK(B6),"",A5+1) -> 3 | B6: C | C6: Plac | E6: 1.1666667 | F6: 0.22545893 | G6: 6.0368298 | H6: 5.1739162 | I6: -24.793017 | J6: 135.23387 | L6: Serious | M6: Not serious | N6: Not serious | O6: Not serious | P6: =IF(OR(ISBLANK(L6),ISBLANK(M6),ISBLANK(N6),ISBLANK(O6)),"",if(OR(iserror(L6)=TRUE,iferror(L6="NA","NA")),"NA",ifs(4-(2*COUNTIF(L6:O6,"Very serious"))-countif(L6:O6,"Serious")=4,"HIGH",4-(2*COUNTIF(L6:O6,"Very serious"))-countif(L6:O6,"Serious")=3,"MODERATE",4-(2*COUNTIF(L6:O6,"Very serious"))-countif(L6:O6,"Serious")=2,"LOW",4-(2*COUNTIF(L6:O6,"Very serious"))-countif(L6:O6,"Serious")<=1,"VERY LOW"))) -> MODERATE | Q6: =IFERROR(IF(AND(Preferences!B$3="Manual",OR(AX6/AW6>G6/F6,BD6="Serious",BD6="Very serious")),"Assess imprecision",IFS(ISBLANK(E6),"",AND(Preferences!B$3="Automatic", G6/F6>=30),"Extremely serious",AND(H6<=$D$1*-1,J6<0,G6/F6<3),"Not serious",AND(H6<=$D$1*-1,J6<0,G6/F6>=3),"Very serious",AND(H6>=$D$1,I6>0,G6/F6<3),"Not serious",AND(H6>=$D$1,I6>0,G6/F6>=3),"Very serious",AND(H6<=$D$1*-1,J6>0,I6>$D$2*-1,G6/F6<3),"Serious", AND(H6<=$D$1*-1,J6>0,I6<$D$2*-1,G6/F6<3),"Very serious", AND(H6>=$D$1,I6<0,J6<$D$2,G6/F6<3),"Serious",AND(H6>=$D$1,I6<0,J6>$D$2,G6/F6<3),"Very serious", AND(H6<=$D$1*-1,J6>0,I6>$D$2*-1,G6/F6>=3),"Very serious", AND(H6<=$D$1*-1,J6>0,I6<$D$2*-1,G6/F6>=3),"Very serious", AND(H6>=$D$1,I6<0,J6<$D$2,G6/F6>=3),"Very serious", AND(H6>=$D$1,I6<0,J6>$D$2,G6/F6>=3),"Very serious", AND(H6>$D$1*-1,H6<$D$1,I6>$D$1*-1,J6<$D$1,G6/F6<3),"Not serious", AND(H6>$D$1*-1,H6<$D$1,OR(I6<=$D$1*-1,J6>=$D$1),I6>$D$2*-1,J6<$D$2,G6/F6<3),"Serious", AND(H6>$D$1*-1,H6<$D$1,OR(I6<=$D$2*-1,J6>=$D$2),G6/F6<3),"Very serious", AND(H6>$D$1*-1,H6<$D$1,I6>$D$1*-1,J6<$D$1,G6/F6>=3),"Very serious", AND(H6>$D$1*-1,H6<$D$1,OR(I6<=$D$1*-1,J6>=$D$1),I6>$D$2*-1,J6<$D$2,G6/F6>=3),"Very serious", AND(H6>$D$1*-1,H6<$D$1,OR(I6<=$D$2*-1,J6>=$D$2),G6/F6>=3),"Very serious")),"") -> Very serious | R6: =IFERROR(IFS(E6="NA","NA", AND(P6 = "HIGH",COUNTIF(Q6,"serious")>=1),"MODERATE", AND(P6 = "HIGH",COUNTIF(Q6,"Very serious")>=1),"LOW", AND(P6 = "HIGH",COUNTIF(Q6,"Extremely serious")>=1),"VERY LOW", AND(P6 = "HIGH",COUNTIF(Q6,"Not serious")>=1),P6, AND(P6 = "MODERATE",COUNTIF(Q6,"serious")>=1),"LOW", AND(P6 = "MODERATE",COUNTIF(Q6,"Very serious")>=1),"VERY LOW", AND(P6 = "MODERATE",COUNTIF(Q6,"Extremely serious")>=1),"VERY LOW", AND(P6 = "MODERATE",COUNTIF(Q6,"Not serious")>=1),P6, AND(P6 = "LOW",COUNTIF(Q6,"serious")>=1),"VERY LOW", AND(P6 = "LOW",COUNTIF(Q6,"Very serious")>=1),"VERY LOW", AND(P6 = "LOW",COUNTIF(Q6,"Extremely serious")>=1),"VERY LOW", AND(P6 = "LOW",COUNTIF(Q6,"Not serious")>=1),P6, P6 = "VERY LOW", P6),"") -> VERY LOW | T6: 1.7210996 | U6: 0.63078166 | V6: 5.3219865 | W6: 21.994281 | X6: -11.662305 | Y6: 118.38898 | Z6: {=INDEX($A$1:$C$500, MATCH(1,($B:$B=$B6)*($C:$C=$AB6),0),1)} -> #N/A | AA6: {=INDEX($A$1:$C$500, MATCH(1,($B:$B=$AB6)*($C:$C=$B6),0),1)} -> 8 | AB6: B | AC6: =IF(ISNUMBER(Z6),Z6,AA6) -> 8 | AD6: =IFERROR(INDEX($A$1:$R$500, MATCH(AC6,A:A,0),16),"") -> HIGH | AE6: {=INDEX($A$1:$C$500, MATCH(1,($B:$B=$AB6)*($C:$C=$AG6),0),1)} -> #N/A | AF6: {=INDEX($A$1:$C$500, MATCH(1,($B:$B=$AG6)*($C:$C=$AB6),0),1)} -> #N/A | AH6: =IF(ISNUMBER(AE6),AE6,AF6) -> #N/A | AI6: =IFERROR(INDEX($A$1:$R$500, MATCH(AH6,A:A,0),16),"") | AJ6: {=INDEX($A$1:$C$500, MATCH(1,($B:$B=$C6)*($C:$C=$AG6),0),1)} -> #N/A | AK6: {=INDEX($A$1:$C$500, MATCH(1,($B:$B=$AG6)*($C:$C=$C6),0),1)} -> #N/A | AL6: {=INDEX($A$1:$C$500, MATCH(1,($B:$B=$C6)*($C:$C=$AB6),0),1)} -> #N/A | AM6: {=INDEX($A$1:$C$500, MATCH(1,($B:$B=$AB6)*($C:$C=$C6),0),1)} -> 2 | AN6: {=IFS(ISNUMBER(AJ6),AJ6,ISNUMBER(AK6),AK6,ISNUMBER(AL6),AL6,ISNUMBER(AM6),AM6)} -> 2 | AO6: =IF(ISBLANK(AB6),"",INDEX($A$1:$R$500, MATCH(AN6,$A:$A,0),16)) -> MODERATE | AP6: =IF(ISBLANK(AB6),"",iferror(if(or(ifna(AD6,1)=1,ifna(AO6,1)=1),"#N/A",if(countif({AO6,AD6},"VERY LOW")>=1,"VERY LOW",if(countif({AO6,AD6},"LOW")>=1,"LOW",if(countif({AO6,AD6},"MODERATE")>=1,"MODERATE",if(countif({AO6,AD6},"HIGH")>=1,"HIGH","Check manually"))))),"#N/A")) -> MODERATE | AQ6: Not serious | AR6: =IF(OR(ISBLANK(AB6),ISBLANK(AQ6)),"",IFS(AND(AP6 = "HIGH",AQ6="Serious"),"MODERATE", AND(AP6 = "HIGH",AQ6="Not serious"),AP6, AND(AP6 = "MODERATE",AQ6="Serious"),"LOW", AND(AP6 = "MODERATE",AQ6 ="Not serious"),AP6, AND(AP6 = "LOW",AQ6="serious"),"VERY LOW", AND(AP6 = "LOW",AQ6="Not serious"),AP6, AND(AP6 = "HIGH",AQ6="Very serious"),"LOW", AND(AP6 = "MODERATE",AQ6="Very serious"),"VERY LOW", AND(AP6 = "LOW",AQ6="Very serious"),"VERY LOW", AP6 = "VERY LOW", AP6)) -> MODERATE | AS6: =IFERROR(IF(AND(Preferences!B$3="Manual",OR(AX6/AW6>V6/U6,BD6="Serious",BD6="Very serious")),"Assess imprecision",IFERROR(IFS(AND(Preferences!B$3="Automatic",V6/U6>=30),"Extremely serious",AND(W6<=$D$1*-1,Y6<0,V6/U6<3),"Not Serious",AND(W6<=$D$1*-1,Y6<0,V6/U6>=3),"Very serious",AND(W6>=$D$1,X6>0,V6/U6<3),"Not Serious",AND(W6>=$D$1,X6>0,V6/U6>=3),"Very serious",AND(W6<=$D$1*-1,Y6>0,X6>$D$2*-1,V6/U6<3),"Serious", AND(W6<=$D$1*-1,Y6>0,X6<$D$2*-1,V6/U6<3),"Very serious", AND(W6>=$D$1,X6<0,Y6<$D$2,V6/U6<3),"Serious",AND(W6>=$D$1,X6<0,Y6>$D$2,V6/U6<3),"Very serious", AND(W6<=$D$1*-1,Y6>0,X6>$D$2*-1,V6/U6>=3),"Very serious", AND(W6<=$D$1*-1,Y6>0,X6<$D$2*-1,V6/U6>=3),"Very serious", AND(W6>=$D$1,X6<0,Y6<$D$2,V6/U6>=3),"Very serious", AND(W6>=$D$1,X6<0,Y6>$D$2,V6/U6>=3),"Very serious", AND(W6>$D$1*-1,W6<$D$1,X6>$D$1*-1,Y6<$D$1,V6/U6<3),"Not Serious", AND(W6>$D$1*-1,W6<$D$1,OR(X6<=$D$1*-1,Y6>=$D$1),X6>$D$2*-1,Y6<$D$2,V6/U6<3),"Serious", AND(W6>$D$1*-1,W6<$D$1,OR(X6<=$D$2*-1,Y6>=$D$2),V6/U6<3),"Very serious", AND(W6>$D$1*-1,W6<$D$1,X6>$D$1*-1,Y6<$D$1,V6/U6>=3),"Very serious", AND(W6>$D$1*-1,W6<$D$1,OR(X6<=$D$1*-1,Y6>=$D$1),X6>$D$2*-1,Y6<$D$2,V6/U6>=3),"Very serious", AND(W6>$D$1*-1,W6<$D$1,OR(X6<=$D$2*-1,Y6>=$D$2),V6/U6>=3),"Very serious"),"")),"") -> Very serious | AT6: =IFERROR(IFS(T6="NA","NA",AS6="","",AS6="Assess imprecision","", AND(AR6 = "HIGH",COUNTIF(AS6,"serious")>=1),"MODERATE", AND(AR6 = "HIGH",COUNTIF(AS6,"Very serious")>=1),"LOW", AND(AR6 = "HIGH",COUNTIF(AS6,"Extremely serious")>=1),"VERY LOW", AND(AR6 = "HIGH",COUNTIF(AS6,"Not serious")>=1),AR6, AND(AR6 = "MODERATE",COUNTIF(AS6,"serious")>=1),"LOW", AND(AR6 = "MODERATE",COUNTIF(AS6,"Very serious")>=1),"VERY LOW", AND(AR6 = "MODERATE",COUNTIF(AS6,"Extremely serious")>=1),"VERY LOW", AND(AR6 = "MODERATE",COUNTIF(AS6,"Not serious")>=1),AR6, AND(AR6 = "LOW",COUNTIF(AS6,"serious")>=1),"VERY LOW", AND(AR6 = "LOW",COUNTIF(AS6,"Very serious")>=1),"VERY LOW", AND(AR6 = "LOW",COUNTIF(AS6,"Extremely serious")>=1),"VERY LOW", AND(AR6 = "LOW",COUNTIF(AS6,"Not serious")>=1),AR6, AR6 = "VERY LOW", AR6),"") -> VERY LOW | AV6: 1.4907361 | AW6: 0.68663666 | AX6: 3.4081172 | AY6: 18.544654 | AZ6: -9.8264429 | BA6: 67.392375 | BB6: =IF(Preferences!B$9="Manual","",IFS(ISBLANK(B6),"",AND(ISNUMBER(E6)=TRUE,ISNUMBER(T6)=FALSE),"Direct", AND(ISNUMBER(E6)=FALSE,ISNUMBER(T6)=TRUE),"Indirect", CN6=4,"Direct",AND(CL6=FALSE, CM6=TRUE,CN6-CO6>-1),"Direct", AND(CL6=FALSE,CM6=TRUE, CN6-CO6<0),"Check algorithm in appendix 2", AND(CL6=TRUE, CM6=FALSE,CN6-CO6>0),"Check algorithm in appendix 2", AND(CL6=TRUE, CM6=FALSE,CN6-CO6=0),"Indirect", AND(CL6=TRUE, CM6=FALSE,CN6-CO6<0),"Indirect", AND(CL6=FALSE,CM6=FALSE,CN6-CO6>-1),"Direct", AND(CL6=FALSE,CM6=FALSE,CN6-CO6<0),"Check algorithm in appendix 2", AND(CL6=TRUE,CM6=TRUE,CN6-CO6>-1),"Direct", AND(CL6=TRUE,CM6=TRUE,CN6-CO6<0),"Check algorithm in appendix 2")) -> Indirect | BC6: =IFS(BB6="Direct",P6,BB6="Indirect",AR6,BB6="","",BB6="Check algorithm in appendix 2","") -> MODERATE | BD6: Not serious | BE6: =IF(Preferences!B$3="Manual","", IFERROR(IFS(AND(Preferences!B$3="Automatic",AX6/AW6>=30),"Extremely serious",AND(AY6<=$D$1*-1,BA6<0,AX6/AW6<3),"Not Serious",AND(AY6<=$D$1*-1,BA6<0,AX6/AW6>=3),"Very serious",AND(AY6>=$D$1,AZ6>0,AX6/AW6<3),"Not Serious",AND(AY6>=$D$1,AZ6>0,AX6/AW6>=3),"Very serious",AND(AY6<=$D$1*-1,BA6>0,AZ6>$D$2*-1,AX6/AW6<3),"Serious", AND(AY6<=$D$1*-1,BA6>0,AZ6<$D$2*-1,AX6/AW6<3),"Very serious", AND(AY6>=$D$1,AZ6<0,BA6<$D$2,AX6/AW6<3),"Serious",AND(AY6>=$D$1,AZ6<0,BA6>$D$2,AX6/AW6<3),"Very serious", AND(AY6<=$D$1*-1,BA6>0,AZ6>$D$2*-1,AX6/AW6>=3),"Very serious", AND(AY6<=$D$1*-1,BA6>0,AZ6<$D$2*-1,AX6/AW6>=3),"Very serious", AND(AY6>=$D$1,AZ6<0,BA6<$D$2,AX6/AW6>=3),"Very serious", AND(AY6>=$D$1,AZ6<0,BA6>$D$2,AX6/AW6>=3),"Very serious", AND(AY6>$D$1*-1,AY6<$D$1,AZ6>$D$1*-1,BA6<$D$1,AX6/AW6<3),"Not Serious", AND(AY6>$D$1*-1,AY6<$D$1,OR(AZ6<=$D$1*-1,BA6>=$D$1),AZ6>$D$2*-1,BA6<$D$2,AX6/AW6<3),"Serious", AND(AY6>$D$1*-1,AY6<$D$1,OR(AZ6<=$D$2*-1,BA6>=$D$2),AX6/AW6<3),"Very serious", AND(AY6>$D$1*-1,AY6<$D$1,AZ6>$D$1*-1,BA6<$D$1,AX6/AW6>=3),"Very serious", AND(AY6>$D$1*-1,AY6<$D$1,OR(AZ6<=$D$1*-1,BA6>=$D$1),AZ6>$D$2*-1,BA6<$D$2,AX6/AW6>=3),"Very serious", AND(AY6>$D$1*-1,AY6<$D$1,OR(AZ6<=$D$2*-1,BA6>=$D$2),AX6/AW6>=3),"Very serious"),"")) -> Very serious | BF6: =IF(OR(ISBLANK(BD6),AND(BE6<>"Not serious",BE6<>"Serious",BE6<>"Very serious",BE6<>"Extremely serious"),AS6="Assess imprecision",Q6="Assess imprecision"),"",IFERROR(IFS(BJ6-(2*COUNTIF(BD6,"Very serious")) - (2*COUNTIF(BE6,"Very serious"))- countif(BD6,"Serious") - countif(BE6,"Serious") - (3*countif(BE6,"Extremely serious"))=4,"HIGH", BJ6-(2*COUNTIF(BD6,"Very serious")) - (2*COUNTIF(BE6,"Very serious"))- countif(BD6,"Serious") - countif(BE6,"Serious") - (3*countif(BE6,"Extremely serious"))=3,"MODERATE", BJ6-(2*COUNTIF(BD6,"Very serious")) - (2*COUNTIF(BE6,"Very serious"))- countif(BD6,"Serious") - countif(BE6,"Serious") - (3*countif(BE6,"Extremely serious"))=2,"LOW", BJ6-(2*COUNTIF(BD6,"Very serious")) - (2*COUNTIF(BE6,"Very serious"))- countif(BD6,"Serious") - countif(BE6,"Serious") - (3*countif(BE6,"Extremely serious"))<=1,"VERY LOW"),"")) -> VERY LOW | BG6: =IFERROR(IFS(BF6="HIGH","NMA",R6="HIGH","DIRECT",AT6="HIGH","INDIRECT",BF6="MODERATE","NMA",R6="MODERATE","DIRECT",AT6="MODERATE","INDIRECT",BF6="LOW","NMA",R6="LOW","DIRECT",AT6="LOW","INDIRECT",BF6="VERY LOW","NMA",R6="VERY LOW","DIRECT",AT6="VERY LOW","INDIRECT"),"") -> NMA | BH6: =IFS(BG6="NMA",BK6,BG6="Direct",BL6,BG6="Indirect",BM6) -> NO | BI6: =if(OR(AV6<=0.7,AV6>=1.3),iferror(if(AX6/AW6>=2.5,"Prelim Very serious",if(BA6-AZ6>200,"Prelim Very serious","Check manually")),if(isblank(AW6)=TRUE,"",if(AW6=0,"Prelim very serious","Error"))),"Check manually") -> Prelim Very serious | BJ6: =ifs(BC6="HIGH",4,BC6="MODERATE",3,BC6="LOW",2,BC6="VERY LOW",1) -> 3 | BK6: =IF(AND(AW6<1,AX6>1),"NO","YES") -> NO | BL6: =IF(AND(F6<1,G6>1),"NO","YES") -> NO | BM6: =IF(AND(U6<1,V6>1),"NO","YES") -> NO | BN6: =(iferror(ifs(L6="Serious","RoB, ",L6="Very Serious","RoBx2, "),"")&iferror(ifs(M6="Serious","Inconsistency, ",M6="Very Serious","Inconsistencyx2, "),"")&iferror(ifs(N6="Serious","Indirectness, ",N6="Very serious","Indirectnessx2, "),"")&iferror(ifs(O6="Serious","Publication bias, "),"")&iferror(ifs(CH6="Serious","Imprecision, ",CH6="Very Serious","Imprecisionx2, ",CH6="Extremely serious","Imprecisionx3, "),"")&iferror(ifs(CI6="Serious","Incoherence, ",CI6="Very Serious","Incoherencex2, ",CI6="NA","",CI6="Not serious",""),"")) -> RoB, Imprecisionx2, | BO6: =(IFERROR(IFS(BU6="RoB","RoB, ",BU6="RoBx2","RoBx2, ",BU6="NA",""),"")&IFERROR(IFS(BY6="RoB","Inconsistency, ",BY6="RoBx2","Inconsistencyx2, ",BY6="NA","")&IFERROR(IFS(CC6="RoB","Indirectness, ",CC6="RoBx2","Indirectnessx2, ",CC6="NA",""),"")&IFERROR(IFS(CG6="RoB","Publication bias, ",CG6="RoBx2","Publication biasx2, ",CG6="NA",""),"")&IFERROR(IFS(CH6="Serious","Imprecision, ",CH6="Very serious","Imprecisionx2, ",CH6="Extremely serious","Imprecisionx3, ",CH6="Not serious",""),"")&IFERROR(IFS(AQ6="Serious","Intransitivity, ",AQ6="Very serious","Intransitivityx2, ",AQ6="NA","",AQ6="Not serious",""),"")&IFERROR(IFS(CI6="Serious","Incoherence, ",CI6="Very serious","Incoherencex2, ",CI6="NA","",CI6="Not serious",""),""))) -> RoB, Imprecisionx2, | BP6: =IFS(BB6="Direct",BN6,BB6="Indirect",BO6) -> RoB, Imprecisionx2, | BQ6: =IFERROR(LEFT(BP6, LEN(BP6)-2),"") -> RoB, Imprecisionx2 | BR6: =IFERROR(INDEX($A$4:$BF502,MATCH($AC6,$A$4:$A502,0),12),"NA") -> Not serious | BS6: =IFERROR(INDEX($A$4:$BF502,MATCH($AH6,$A$4:$A502,0),12),"NA") -> NA | BT6: =IFERROR(INDEX($A$4:$BF502,MATCH($AN6,$A$4:$A502,0),12),"NA") -> Serious | BU6: =IFS(OR(BR6="Very Serious",BS6 = "Very Serious",BT6 = "Very Serious"), "RoBx2", OR(BR6="Serious",BS6 = "Serious",BT6 = "Serious"),"RoB", AND(BR6="NA",BS6 = "NA",BT6 = "NA"),"NA", OR(BR6="Not Serious",BS6 = "Not Serious",BT6 = "Not Serious"),"NA") -> RoB | BV6: =IFERROR(INDEX($A$4:$BF502,MATCH($AC6,$A$4:$A502,0),13),"NA") -> Not serious | BW6: =IFERROR(INDEX($A$4:$BF502,MATCH($AH6,$A$4:$A502,0),13),"NA") -> NA | BX6: =IFERROR(INDEX($A$4:$BF502,MATCH($AN6,$A$4:$A502,0),13),"NA") -> Not serious | BY6: =IFS(OR(BV6="Very Serious",BW6 = "Very Serious",BX6 = "Very Serious"), "RoBx2", OR(BV6="Serious",BW6 = "Serious",BX6 = "Serious"),"RoB", AND(BV6="NA",BW6 = "NA",BX6 = "NA"),"NA", OR(BV6="Not Serious",BW6 = "Not Serious",BX6 = "Not Serious"),"NA") -> NA | BZ6: =IFERROR(INDEX($A$4:$BF502,MATCH($AC6,$A$4:$A502,0),14),"NA") -> Not serious | CA6: =IFERROR(INDEX($A$4:$BF502,MATCH($AH6,$A$4:$A502,0),14),"NA") -> NA | CB6: =IFERROR(INDEX($A$4:$BF502,MATCH($AN6,$A$4:$A502,0),14),"NA") -> Not serious | CC6: =IFS(OR(BZ6="Very Serious",CA6 = "Very Serious",CB6 = "Very Serious"), "RoBx2", OR(BZ6="Serious",CA6 = "Serious",CB6 = "Serious"),"RoB", AND(BZ6="NA",CA6 = "NA",CB6 = "NA"),"NA", OR(BZ6="Not Serious",CA6 = "Not Serious",CB6 = "Not Serious"),"NA") -> NA | CD6: =IFERROR(INDEX($A$4:$BF502,MATCH($AC6,$A$4:$A502,0),15),"NA") -> Not serious | CE6: =IFERROR(INDEX($A$4:$BF502,MATCH($AH6,$A$4:$A502,0),15),"NA") -> NA | CF6: =IFERROR(INDEX($A$4:$BF502,MATCH($AN6,$A$4:$A502,0),15),"NA") -> Not serious | CG6: =IFS(OR(CD6="Very Serious",CE6 = "Very Serious",CF6 = "Very Serious"), "RoBx2", OR(CD6="Serious",CE6 = "Serious",CF6 = "Serious"),"RoB", AND(CD6="NA",CE6 = "NA",CF6 = "NA"),"NA", OR(CD6="Not Serious",CE6 = "Not Serious",CF6 = "Not Serious"),"NA") -> NA | CH6: =IFS(BG6="NMA",BE6,BG6="Direct",Q6,BG6="Indirect",AS6) -> Very serious | CI6: =IFS(BG6="NMA",BD6,BG6="Direct","NA",BG6="Indirect","NA") -> Not serious | CJ6: =if(count(AV6:BA6)=6,if(abs(AY6)>=$D$1, if(AY6>0,if(OR(AZ6<0,BA6<0),if(and(BA6>$D$2,AZ6<$D$1),"2x, RD CIs very wide: Large harm to trivial effect or more","1x, RD CIs wide: crosses 0"),if(OR(AV6>=1.3,AV6<=0.7), if(and(count(AW6)=1,count(AX6)=1),if(round(AX6/AW6,2)>=2.5,"Wide OR CI: OIS not met","No serious imprecision"),"ERROR: check cell"),"No serious imprecision")),if(OR(AZ6>=0,BA6>=0),if(and(AZ6<(-1*$D$2),BA6>(-1*$D$1)),"2x, RD CIs very wide: Large benefit to trivial effect or more","1x, RD CIs wide: crosses 0"),if(OR(AV6>=1.3,AV6<=0.7), if(and(count(AW6)=1,count(AX6)=1),if(round(AX6/AW6,2)>=2.5,"Wide OR CI: OIS not met","No serious imprecision"),"ERROR: check cell"),"No serious imprecision"))),if(AY6>0,if(OR(AZ6<(-1*$D$1),BA6>$D$1),if(and(BA6>$D$2,AZ6<$D$1),"2x, RD CIs very wide: Large harm to trivial effect or more","1x, RD CIs wide: crosses MID"),if(OR(AV6>=1.3,AV6<=0.7), if(and(count(AW6)=1,count(AX6)=1),if(round(AX6/AW6,2)>=2.5,"Wide OR CI: OIS not met","No serious imprecision"),"ERROR: check cell"),"No serious imprecision")),if(OR(AZ6<=(-1*$D$1),BA6>=$D$1),if(and(AZ6<(-1*$D$2),BA6>(-1*$D$1)),"2x, RD CIs very wide: Large benefit to trivial effect or more","1x, RD CIs wide: crosses MID"),if(OR(AV6>=1.3,AV6<=0.7), if(and(count(AW6)=1,count(AX6)=1),if(round(AX6/AW6,2)>=2.5,"Wide OR CI: OIS not met","No serious imprecision"),"ERROR: check cell"),"No serious imprecision")))),"ERROR: check cell") -> 1x, RD CIs wide: crosses MID | CK6: =if(AND(T6<1=TRUE,E6<1=TRUE)=TRUE,if(OR(AND(V6>G6=TRUE,G6>U6=TRUE),AND(G6>V6=TRUE,V6>F6=TRUE)=TRUE)=TRUE,"No serious incoherence","Quantitative incoherence (same direction of effect)"),if(AND(T6>1=TRUE,E6>1=TRUE)=TRUE,if(OR(AND(V6>G6=TRUE,G6>U6=TRUE),AND(G6>V6=TRUE,V6>F6=TRUE)=TRUE)=TRUE,"No serious incoherence","Quantitative incoherence (same direction of effect)"),if(OR(AND(T6<1=TRUE,E6>1=TRUE)=TRUE,AND(T6>1=TRUE,E6<1=TRUE)=TRUE)=TRUE,if(OR(AND(V6>G6=TRUE,G6>U6=TRUE),AND(G6>V6=TRUE,V6>F6=TRUE)=TRUE)=TRUE,"No serious incoherence","Qualitative incoherence (different direction of effect)")))) -> No serious incoherence | CL6: =AND(OR(AX6/G6<0.9,AX6/G6>1.1),OR(AW6/F6<0.9,AW6/F6>1.1)) -> TRUE | CM6: =AND(OR(AX6/V6<0.9,AX6/V6>1.1),OR(AW6/U6<0.9,AW6/U6>1.1)) -> FALSE | CN6: =(4-(3*COUNTIF(P6,"VERY LOW"))-2*countif(P6,"LOW")-1*countif(P6,"MODERATE")) -> 3 | CO6: =(4-(3*COUNTIF(AR6,"VERY LOW"))-2*countif(AR6,"LOW")-1*countif(AR6,"MODERATE")) -> 3 | CP6: =IFS(C6=Preferences!B$13,B6,B6=Preferences!B$13,C6) -> C
A7: =IF(ISBLANK(B7),"",A6+1) -> 4 | B7: D | C7: Plac | E7: 1.0130719 | F7: 0.10091473 | G7: 10.170173 | H7: 0.40780662 | I7: -28.898718 | J7: 220.88065 | L7: Not serious | M7: Not serious | N7: Not serious | O7: Not serious | P7: =IF(OR(ISBLANK(L7),ISBLANK(M7),ISBLANK(N7),ISBLANK(O7)),"",if(OR(iserror(L7)=TRUE,iferror(L7="NA","NA")),"NA",ifs(4-(2*COUNTIF(L7:O7,"Very serious"))-countif(L7:O7,"Serious")=4,"HIGH",4-(2*COUNTIF(L7:O7,"Very serious"))-countif(L7:O7,"Serious")=3,"MODERATE",4-(2*COUNTIF(L7:O7,"Very serious"))-countif(L7:O7,"Serious")=2,"LOW",4-(2*COUNTIF(L7:O7,"Very serious"))-countif(L7:O7,"Serious")<=1,"VERY LOW"))) -> HIGH | Q7: =IFERROR(IF(AND(Preferences!B$3="Manual",OR(AX7/AW7>G7/F7,BD7="Serious",BD7="Very serious")),"Assess imprecision",IFS(ISBLANK(E7),"",AND(Preferences!B$3="Automatic", G7/F7>=30),"Extremely serious",AND(H7<=$D$1*-1,J7<0,G7/F7<3),"Not serious",AND(H7<=$D$1*-1,J7<0,G7/F7>=3),"Very serious",AND(H7>=$D$1,I7>0,G7/F7<3),"Not serious",AND(H7>=$D$1,I7>0,G7/F7>=3),"Very serious",AND(H7<=$D$1*-1,J7>0,I7>$D$2*-1,G7/F7<3),"Serious", AND(H7<=$D$1*-1,J7>0,I7<$D$2*-1,G7/F7<3),"Very serious", AND(H7>=$D$1,I7<0,J7<$D$2,G7/F7<3),"Serious",AND(H7>=$D$1,I7<0,J7>$D$2,G7/F7<3),"Very serious", AND(H7<=$D$1*-1,J7>0,I7>$D$2*-1,G7/F7>=3),"Very serious", AND(H7<=$D$1*-1,J7>0,I7<$D$2*-1,G7/F7>=3),"Very serious", AND(H7>=$D$1,I7<0,J7<$D$2,G7/F7>=3),"Very serious", AND(H7>=$D$1,I7<0,J7>$D$2,G7/F7>=3),"Very serious", AND(H7>$D$1*-1,H7<$D$1,I7>$D$1*-1,J7<$D$1,G7/F7<3),"Not serious", AND(H7>$D$1*-1,H7<$D$1,OR(I7<=$D$1*-1,J7>=$D$1),I7>$D$2*-1,J7<$D$2,G7/F7<3),"Serious", AND(H7>$D$1*-1,H7<$D$1,OR(I7<=$D$2*-1,J7>=$D$2),G7/F7<3),"Very serious", AND(H7>$D$1*-1,H7<$D$1,I7>$D$1*-1,J7<$D$1,G7/F7>=3),"Very serious", AND(H7>$D$1*-1,H7<$D$1,OR(I7<=$D$1*-1,J7>=$D$1),I7>$D$2*-1,J7<$D$2,G7/F7>=3),"Very serious", AND(H7>$D$1*-1,H7<$D$1,OR(I7<=$D$2*-1,J7>=$D$2),G7/F7>=3),"Very serious")),"") -> Extremely serious | R7: =IFERROR(IFS(E7="NA","NA", AND(P7 = "HIGH",COUNTIF(Q7,"serious")>=1),"MODERATE", AND(P7 = "HIGH",COUNTIF(Q7,"Very serious")>=1),"LOW", AND(P7 = "HIGH",COUNTIF(Q7,"Extremely serious")>=1),"VERY LOW", AND(P7 = "HIGH",COUNTIF(Q7,"Not serious")>=1),P7, AND(P7 = "MODERATE",COUNTIF(Q7,"serious")>=1),"LOW", AND(P7 = "MODERATE",COUNTIF(Q7,"Very serious")>=1),"VERY LOW", AND(P7 = "MODERATE",COUNTIF(Q7,"Extremely serious")>=1),"VERY LOW", AND(P7 = "MODERATE",COUNTIF(Q7,"Not serious")>=1),P7, AND(P7 = "LOW",COUNTIF(Q7,"serious")>=1),"VERY LOW", AND(P7 = "LOW",COUNTIF(Q7,"Very serious")>=1),"VERY LOW", AND(P7 = "LOW",COUNTIF(Q7,"Extremely serious")>=1),"VERY LOW", AND(P7 = "LOW",COUNTIF(Q7,"Not serious")>=1),P7, P7 = "VERY LOW", P7),"") -> VERY LOW | T7: NA | U7: NA | V7: NA | W7: NA | X7: NA | Y7: NA | Z7: {=INDEX($A$1:$C$500, MATCH(1,($B:$B=$B7)*($C:$C=$AB7),0),1)} -> #N/A | AA7: {=INDEX($A$1:$C$500, MATCH(1,($B:$B=$AB7)*($C:$C=$B7),0),1)} -> #N/A | AC7: =IF(ISNUMBER(Z7),Z7,AA7) -> #N/A | AD7: =IFERROR(INDEX($A$1:$R$500, MATCH(AC7,A:A,0),16),"") | AE7: {=INDEX($A$1:$C$500, MATCH(1,($B:$B=$AB7)*($C:$C=$AG7),0),1)} | AF7: {=INDEX($A$1:$C$500, MATCH(1,($B:$B=$AG7)*($C:$C=$AB7),0),1)} | AH7: =IF(ISNUMBER(AE7),AE7,AF7) | AI7: =IFERROR(INDEX($A$1:$R$500, MATCH(AH7,A:A,0),16),"") | AJ7: {=INDEX($A$1:$C$500, MATCH(1,($B:$B=$C7)*($C:$C=$AG7),0),1)} -> #N/A | AK7: {=INDEX($A$1:$C$500, MATCH(1,($B:$B=$AG7)*($C:$C=$C7),0),1)} -> #N/A | AL7: {=INDEX($A$1:$C$500, MATCH(1,($B:$B=$C7)*($C:$C=$AB7),0),1)} -> #N/A | AM7: {=INDEX($A$1:$C$500, MATCH(1,($B:$B=$AB7)*($C:$C=$C7),0),1)} -> #N/A | AN7: {=IFS(ISNUMBER(AJ7),AJ7,ISNUMBER(AK7),AK7,ISNUMBER(AL7),AL7,ISNUMBER(AM7),AM7)} -> #N/A | AO7: =IF(ISBLANK(AB7),"",INDEX($A$1:$R$500, MATCH(AN7,$A:$A,0),16)) | AP7: =IF(ISBLANK(AB7),"",iferror(if(or(ifna(AD7,1)=1,ifna(AO7,1)=1),"#N/A",if(countif({AO7,AD7},"VERY LOW")>=1,"VERY LOW",if(countif({AO7,AD7},"LOW")>=1,"LOW",if(countif({AO7,AD7},"MODERATE")>=1,"MODERATE",if(countif({AO7,AD7},"HIGH")>=1,"HIGH","Check manually"))))),"#N/A")) | AR7: =IF(OR(ISBLANK(AB7),ISBLANK(AQ7)),"",IFS(AND(AP7 = "HIGH",AQ7="Serious"),"MODERATE", AND(AP7 = "HIGH",AQ7="Not serious"),AP7, AND(AP7 = "MODERATE",AQ7="Serious"),"LOW", AND(AP7 = "MODERATE",AQ7 ="Not serious"),AP7, AND(AP7 = "LOW",AQ7="serious"),"VERY LOW", AND(AP7 = "LOW",AQ7="Not serious"),AP7, AND(AP7 = "HIGH",AQ7="Very serious"),"LOW", AND(AP7 = "MODERATE",AQ7="Very serious"),"VERY LOW", AND(AP7 = "LOW",AQ7="Very serious"),"VERY LOW", AP7 = "VERY LOW", AP7)) | AS7: =IFERROR(IF(AND(Preferences!B$3="Manual",OR(AX7/AW7>V7/U7,BD7="Serious",BD7="Very serious")),"Assess imprecision",IFERROR(IFS(AND(Preferences!B$3="Automatic",V7/U7>=30),"Extremely serious",AND(W7<=$D$1*-1,Y7<0,V7/U7<3),"Not Serious",AND(W7<=$D$1*-1,Y7<0,V7/U7>=3),"Very serious",AND(W7>=$D$1,X7>0,V7/U7<3),"Not Serious",AND(W7>=$D$1,X7>0,V7/U7>=3),"Very serious",AND(W7<=$D$1*-1,Y7>0,X7>$D$2*-1,V7/U7<3),"Serious", AND(W7<=$D$1*-1,Y7>0,X7<$D$2*-1,V7/U7<3),"Very serious", AND(W7>=$D$1,X7<0,Y7<$D$2,V7/U7<3),"Serious",AND(W7>=$D$1,X7<0,Y7>$D$2,V7/U7<3),"Very serious", AND(W7<=$D$1*-1,Y7>0,X7>$D$2*-1,V7/U7>=3),"Very serious", AND(W7<=$D$1*-1,Y7>0,X7<$D$2*-1,V7/U7>=3),"Very serious", AND(W7>=$D$1,X7<0,Y7<$D$2,V7/U7>=3),"Very serious", AND(W7>=$D$1,X7<0,Y7>$D$2,V7/U7>=3),"Very serious", AND(W7>$D$1*-1,W7<$D$1,X7>$D$1*-1,Y7<$D$1,V7/U7<3),"Not Serious", AND(W7>$D$1*-1,W7<$D$1,OR(X7<=$D$1*-1,Y7>=$D$1),X7>$D$2*-1,Y7<$D$2,V7/U7<3),"Serious", AND(W7>$D$1*-1,W7<$D$1,OR(X7<=$D$2*-1,Y7>=$D$2),V7/U7<3),"Very serious", AND(W7>$D$1*-1,W7<$D$1,X7>$D$1*-1,Y7<$D$1,V7/U7>=3),"Very serious", AND(W7>$D$1*-1,W7<$D$1,OR(X7<=$D$1*-1,Y7>=$D$1),X7>$D$2*-1,Y7<$D$2,V7/U7>=3),"Very serious", AND(W7>$D$1*-1,W7<$D$1,OR(X7<=$D$2*-1,Y7>=$D$2),V7/U7>=3),"Very serious"),"")),"") | AT7: =IFERROR(IFS(T7="NA","NA",AS7="","",AS7="Assess imprecision","", AND(AR7 = "HIGH",COUNTIF(AS7,"serious")>=1),"MODERATE", AND(AR7 = "HIGH",COUNTIF(AS7,"Very serious")>=1),"LOW", AND(AR7 = "HIGH",COUNTIF(AS7,"Extremely serious")>=1),"VERY LOW", AND(AR7 = "HIGH",COUNTIF(AS7,"Not serious")>=1),AR7, AND(AR7 = "MODERATE",COUNTIF(AS7,"serious")>=1),"LOW", AND(AR7 = "MODERATE",COUNTIF(AS7,"Very serious")>=1),"VERY LOW", AND(AR7 = "MODERATE",COUNTIF(AS7,"Extremely serious")>=1),"VERY LOW", AND(AR7 = "MODERATE",COUNTIF(AS7,"Not serious")>=1),AR7, AND(AR7 = "LOW",COUNTIF(AS7,"serious")>=1),"VERY LOW", AND(AR7 = "LOW",COUNTIF(AS7,"Very serious")>=1),"VERY LOW", AND(AR7 = "LOW",COUNTIF(AS7,"Extremely serious")>=1),"VERY LOW", AND(AR7 = "LOW",COUNTIF(AS7,"Not serious")>=1),AR7, AR7 = "VERY LOW", AR7),"") -> NA | AV7: 1.0130719 | AW7: 0.10091473 | AX7: 10.170173 | AY7: 0.40780662 | AZ7: -28.898718 | BA7: 220.88065 | BB7: =IF(Preferences!B$9="Manual","",IFS(ISBLANK(B7),"",AND(ISNUMBER(E7)=TRUE,ISNUMBER(T7)=FALSE),"Direct", AND(ISNUMBER(E7)=FALSE,ISNUMBER(T7)=TRUE),"Indirect", CN7=4,"Direct",AND(CL7=FALSE, CM7=TRUE,CN7-CO7>-1),"Direct", AND(CL7=FALSE,CM7=TRUE, CN7-CO7<0),"Check algorithm in appendix 2", AND(CL7=TRUE, CM7=FALSE,CN7-CO7>0),"Check algorithm in appendix 2", AND(CL7=TRUE, CM7=FALSE,CN7-CO7=0),"Indirect", AND(CL7=TRUE, CM7=FALSE,CN7-CO7<0),"Indirect", AND(CL7=FALSE,CM7=FALSE,CN7-CO7>-1),"Direct", AND(CL7=FALSE,CM7=FALSE,CN7-CO7<0),"Check algorithm in appendix 2", AND(CL7=TRUE,CM7=TRUE,CN7-CO7>-1),"Direct", AND(CL7=TRUE,CM7=TRUE,CN7-CO7<0),"Check algorithm in appendix 2")) -> Direct | BC7: =IFS(BB7="Direct",P7,BB7="Indirect",AR7,BB7="","",BB7="Check algorithm in appendix 2","") -> HIGH | BD7: Not serious | BE7: =IF(Preferences!B$3="Manual","", IFERROR(IFS(AND(Preferences!B$3="Automatic",AX7/AW7>=30),"Extremely serious",AND(AY7<=$D$1*-1,BA7<0,AX7/AW7<3),"Not Serious",AND(AY7<=$D$1*-1,BA7<0,AX7/AW7>=3),"Very serious",AND(AY7>=$D$1,AZ7>0,AX7/AW7<3),"Not Serious",AND(AY7>=$D$1,AZ7>0,AX7/AW7>=3),"Very serious",AND(AY7<=$D$1*-1,BA7>0,AZ7>$D$2*-1,AX7/AW7<3),"Serious", AND(AY7<=$D$1*-1,BA7>0,AZ7<$D$2*-1,AX7/AW7<3),"Very serious", AND(AY7>=$D$1,AZ7<0,BA7<$D$2,AX7/AW7<3),"Serious",AND(AY7>=$D$1,AZ7<0,BA7>$D$2,AX7/AW7<3),"Very serious", AND(AY7<=$D$1*-1,BA7>0,AZ7>$D$2*-1,AX7/AW7>=3),"Very serious", AND(AY7<=$D$1*-1,BA7>0,AZ7<$D$2*-1,AX7/AW7>=3),"Very serious", AND(AY7>=$D$1,AZ7<0,BA7<$D$2,AX7/AW7>=3),"Very serious", AND(AY7>=$D$1,AZ7<0,BA7>$D$2,AX7/AW7>=3),"Very serious", AND(AY7>$D$1*-1,AY7<$D$1,AZ7>$D$1*-1,BA7<$D$1,AX7/AW7<3),"Not Serious", AND(AY7>$D$1*-1,AY7<$D$1,OR(AZ7<=$D$1*-1,BA7>=$D$1),AZ7>$D$2*-1,BA7<$D$2,AX7/AW7<3),"Serious", AND(AY7>$D$1*-1,AY7<$D$1,OR(AZ7<=$D$2*-1,BA7>=$D$2),AX7/AW7<3),"Very serious", AND(AY7>$D$1*-1,AY7<$D$1,AZ7>$D$1*-1,BA7<$D$1,AX7/AW7>=3),"Very serious", AND(AY7>$D$1*-1,AY7<$D$1,OR(AZ7<=$D$1*-1,BA7>=$D$1),AZ7>$D$2*-1,BA7<$D$2,AX7/AW7>=3),"Very serious", AND(AY7>$D$1*-1,AY7<$D$1,OR(AZ7<=$D$2*-1,BA7>=$D$2),AX7/AW7>=3),"Very serious"),"")) -> Extremely serious | BF7: =IF(OR(ISBLANK(BD7),AND(BE7<>"Not serious",BE7<>"Serious",BE7<>"Very serious",BE7<>"Extremely serious"),AS7="Assess imprecision",Q7="Assess imprecision"),"",IFERROR(IFS(BJ7-(2*COUNTIF(BD7,"Very serious")) - (2*COUNTIF(BE7,"Very serious"))- countif(BD7,"Serious") - countif(BE7,"Serious") - (3*countif(BE7,"Extremely serious"))=4,"HIGH", BJ7-(2*COUNTIF(BD7,"Very serious")) - (2*COUNTIF(BE7,"Very serious"))- countif(BD7,"Serious") - countif(BE7,"Serious") - (3*countif(BE7,"Extremely serious"))=3,"MODERATE", BJ7-(2*COUNTIF(BD7,"Very serious")) - (2*COUNTIF(BE7,"Very serious"))- countif(BD7,"Serious") - countif(BE7,"Serious") - (3*countif(BE7,"Extremely serious"))=2,"LOW", BJ7-(2*COUNTIF(BD7,"Very serious")) - (2*COUNTIF(BE7,"Very serious"))- countif(BD7,"Serious") - countif(BE7,"Serious") - (3*countif(BE7,"Extremely serious"))<=1,"VERY LOW"),"")) -> VERY LOW | BG7: =IFERROR(IFS(BF7="HIGH","NMA",R7="HIGH","DIRECT",AT7="HIGH","INDIRECT",BF7="MODERATE","NMA",R7="MODERATE","DIRECT",AT7="MODERATE","INDIRECT",BF7="LOW","NMA",R7="LOW","DIRECT",AT7="LOW","INDIRECT",BF7="VERY LOW","NMA",R7="VERY LOW","DIRECT",AT7="VERY LOW","INDIRECT"),"") -> NMA | BH7: =IFS(BG7="NMA",BK7,BG7="Direct",BL7,BG7="Indirect",BM7) -> NO | BI7: =if(OR(AV7<=0.7,AV7>=1.3),iferror(if(AX7/AW7>=2.5,"Prelim Very serious",if(BA7-AZ7>200,"Prelim Very serious","Check manually")),if(isblank(AW7)=TRUE,"",if(AW7=0,"Prelim very serious","Error"))),"Check manually") -> Check manually | BJ7: =ifs(BC7="HIGH",4,BC7="MODERATE",3,BC7="LOW",2,BC7="VERY LOW",1) -> 4 | BK7: =IF(AND(AW7<1,AX7>1),"NO","YES") -> NO | BL7: =IF(AND(F7<1,G7>1),"NO","YES") -> NO | BM7: =IF(AND(U7<1,V7>1),"NO","YES") -> YES | BN7: =(iferror(ifs(L7="Serious","RoB, ",L7="Very Serious","RoBx2, "),"")&iferror(ifs(M7="Serious","Inconsistency, ",M7="Very Serious","Inconsistencyx2, "),"")&iferror(ifs(N7="Serious","Indirectness, ",N7="Very serious","Indirectnessx2, "),"")&iferror(ifs(O7="Serious","Publication bias, "),"")&iferror(ifs(CH7="Serious","Imprecision, ",CH7="Very Serious","Imprecisionx2, ",CH7="Extremely serious","Imprecisionx3, "),"")&iferror(ifs(CI7="Serious","Incoherence, ",CI7="Very Serious","Incoherencex2, ",CI7="NA","",CI7="Not serious",""),"")) -> Imprecisionx3, | BO7: =(IFERROR(IFS(BU7="RoB","RoB, ",BU7="RoBx2","RoBx2, ",BU7="NA",""),"")&IFERROR(IFS(BY7="RoB","Inconsistency, ",BY7="RoBx2","Inconsistencyx2, ",BY7="NA","")&IFERROR(IFS(CC7="RoB","Indirectness, ",CC7="RoBx2","Indirectnessx2, ",CC7="NA",""),"")&IFERROR(IFS(CG7="RoB","Publication bias, ",CG7="RoBx2","Publication biasx2, ",CG7="NA",""),"")&IFERROR(IFS(CH7="Serious","Imprecision, ",CH7="Very serious","Imprecisionx2, ",CH7="Extremely serious","Imprecisionx3, ",CH7="Not serious",""),"")&IFERROR(IFS(AQ7="Serious","Intransitivity, ",AQ7="Very serious","Intransitivityx2, ",AQ7="NA","",AQ7="Not serious",""),"")&IFERROR(IFS(CI7="Serious","Incoherence, ",CI7="Very serious","Incoherencex2, ",CI7="NA","",CI7="Not serious",""),""))) | BP7: =IFS(BB7="Direct",BN7,BB7="Indirect",BO7) -> Imprecisionx3, | BQ7: =IFERROR(LEFT(BP7, LEN(BP7)-2),"") -> Imprecisionx3 | BR7: =IFERROR(INDEX($A$4:$BF503,MATCH($AC7,$A$4:$A503,0),12),"NA") -> NA | BS7: =IFERROR(INDEX($A$4:$BF503,MATCH($AH7,$A$4:$A503,0),12),"NA") | BT7: =IFERROR(INDEX($A$4:$BF503,MATCH($AN7,$A$4:$A503,0),12),"NA") -> NA | BU7: =IFS(OR(BR7="Very Serious",BS7 = "Very Serious",BT7 = "Very Serious"), "RoBx2", OR(BR7="Serious",BS7 = "Serious",BT7 = "Serious"),"RoB", AND(BR7="NA",BS7 = "NA",BT7 = "NA"),"NA", OR(BR7="Not Serious",BS7 = "Not Serious",BT7 = "Not Serious"),"NA") -> #N/A | BV7: =IFERROR(INDEX($A$4:$BF503,MATCH($AC7,$A$4:$A503,0),13),"NA") -> NA | BW7: =IFERROR(INDEX($A$4:$BF503,MATCH($AH7,$A$4:$A503,0),13),"NA") | BX7: =IFERROR(INDEX($A$4:$BF503,MATCH($AN7,$A$4:$A503,0),13),"NA") -> NA | BY7: =IFS(OR(BV7="Very Serious",BW7 = "Very Serious",BX7 = "Very Serious"), "RoBx2", OR(BV7="Serious",BW7 = "Serious",BX7 = "Serious"),"RoB", AND(BV7="NA",BW7 = "NA",BX7 = "NA"),"NA", OR(BV7="Not Serious",BW7 = "Not Serious",BX7 = "Not Serious"),"NA") -> #N/A | BZ7: =IFERROR(INDEX($A$4:$BF503,MATCH($AC7,$A$4:$A503,0),14),"NA") -> NA | CA7: =IFERROR(INDEX($A$4:$BF503,MATCH($AH7,$A$4:$A503,0),14),"NA") | CB7: =IFERROR(INDEX($A$4:$BF503,MATCH($AN7,$A$4:$A503,0),14),"NA") -> NA | CC7: =IFS(OR(BZ7="Very Serious",CA7 = "Very Serious",CB7 = "Very Serious"), "RoBx2", OR(BZ7="Serious",CA7 = "Serious",CB7 = "Serious"),"RoB", AND(BZ7="NA",CA7 = "NA",CB7 = "NA"),"NA", OR(BZ7="Not Serious",CA7 = "Not Serious",CB7 = "Not Serious"),"NA") -> #N/A | CD7: =IFERROR(INDEX($A$4:$BF503,MATCH($AC7,$A$4:$A503,0),15),"NA") -> NA | CE7: =IFERROR(INDEX($A$4:$BF503,MATCH($AH7,$A$4:$A503,0),15),"NA") | CF7: =IFERROR(INDEX($A$4:$BF503,MATCH($AN7,$A$4:$A503,0),15),"NA") -> NA | CG7: =IFS(OR(CD7="Very Serious",CE7 = "Very Serious",CF7 = "Very Serious"), "RoBx2", OR(CD7="Serious",CE7 = "Serious",CF7 = "Serious"),"RoB", AND(CD7="NA",CE7 = "NA",CF7 = "NA"),"NA", OR(CD7="Not Serious",CE7 = "Not Serious",CF7 = "Not Serious"),"NA") -> #N/A | CH7: =IFS(BG7="NMA",BE7,BG7="Direct",Q7,BG7="Indirect",AS7) -> Extremely serious | CI7: =IFS(BG7="NMA",BD7,BG7="Direct","NA",BG7="Indirect","NA") -> Not serious | CJ7: =if(count(AV7:BA7)=6,if(abs(AY7)>=$D$1, if(AY7>0,if(OR(AZ7<0,BA7<0),if(and(BA7>$D$2,AZ7<$D$1),"2x, RD CIs very wide: Large harm to trivial effect or more","1x, RD CIs wide: crosses 0"),if(OR(AV7>=1.3,AV7<=0.7), if(and(count(AW7)=1,count(AX7)=1),if(round(AX7/AW7,2)>=2.5,"Wide OR CI: OIS not met","No serious imprecision"),"ERROR: check cell"),"No serious imprecision")),if(OR(AZ7>=0,BA7>=0),if(and(AZ7<(-1*$D$2),BA7>(-1*$D$1)),"2x, RD CIs very wide: Large benefit to trivial effect or more","1x, RD CIs wide: crosses 0"),if(OR(AV7>=1.3,AV7<=0.7), if(and(count(AW7)=1,count(AX7)=1),if(round(AX7/AW7,2)>=2.5,"Wide OR CI: OIS not met","No serious imprecision"),"ERROR: check cell"),"No serious imprecision"))),if(AY7>0,if(OR(AZ7<(-1*$D$1),BA7>$D$1),if(and(BA7>$D$2,AZ7<$D$1),"2x, RD CIs very wide: Large harm to trivial effect or more","1x, RD CIs wide: crosses MID"),if(OR(AV7>=1.3,AV7<=0.7), if(and(count(AW7)=1,count(AX7)=1),if(round(AX7/AW7,2)>=2.5,"Wide OR CI: OIS not met","No serious imprecision"),"ERROR: check cell"),"No serious imprecision")),if(OR(AZ7<=(-1*$D$1),BA7>=$D$1),if(and(AZ7<(-1*$D$2),BA7>(-1*$D$1)),"2x, RD CIs very wide: Large benefit to trivial effect or more","1x, RD CIs wide: crosses MID"),if(OR(AV7>=1.3,AV7<=0.7), if(and(count(AW7)=1,count(AX7)=1),if(round(AX7/AW7,2)>=2.5,"Wide OR CI: OIS not met","No serious imprecision"),"ERROR: check cell"),"No serious imprecision")))),"ERROR: check cell") -> 2x, RD CIs very wide: Large harm to trivial effect or more | CL7: =AND(OR(AX7/G7<0.9,AX7/G7>1.1),OR(AW7/F7<0.9,AW7/F7>1.1)) -> FALSE | CM7: =AND(OR(AX7/V7<0.9,AX7/V7>1.1),OR(AW7/U7<0.9,AW7/U7>1.1)) -> #VALUE! | CN7: =(4-(3*COUNTIF(P7,"VERY LOW"))-2*countif(P7,"LOW")-1*countif(P7,"MODERATE")) -> 4 | CO7: =(4-(3*COUNTIF(AR7,"VERY LOW"))-2*countif(AR7,"LOW")-1*countif(AR7,"MODERATE")) -> 4 | CP7: =IFS(C7=Preferences!B$13,B7,B7=Preferences!B$13,C7) -> D
A8: =IF(ISBLANK(B8),"",A7+1) -> 5 | B8: A | C8: B | E8: 5.88 | F8: 0.2 | G8: 100 | H8: 112.6 | I8: -57.8 | J8: 815.6 | L8: Not serious | M8: Not serious | N8: Not serious | O8: Not serious | P8: =IF(OR(ISBLANK(L8),ISBLANK(M8),ISBLANK(N8),ISBLANK(O8)),"",if(OR(iserror(L8)=TRUE,iferror(L8="NA","NA")),"NA",ifs(4-(2*COUNTIF(L8:O8,"Very serious"))-countif(L8:O8,"Serious")=4,"HIGH",4-(2*COUNTIF(L8:O8,"Very serious"))-countif(L8:O8,"Serious")=3,"MODERATE",4-(2*COUNTIF(L8:O8,"Very serious"))-countif(L8:O8,"Serious")=2,"LOW",4-(2*COUNTIF(L8:O8,"Very serious"))-countif(L8:O8,"Serious")<=1,"VERY LOW"))) -> HIGH | Q8: =IFERROR(IF(AND(Preferences!B$3="Manual",OR(AX8/AW8>G8/F8,BD8="Serious",BD8="Very serious")),"Assess imprecision",IFS(ISBLANK(E8),"",AND(Preferences!B$3="Automatic", G8/F8>=30),"Extremely serious",AND(H8<=$D$1*-1,J8<0,G8/F8<3),"Not serious",AND(H8<=$D$1*-1,J8<0,G8/F8>=3),"Very serious",AND(H8>=$D$1,I8>0,G8/F8<3),"Not serious",AND(H8>=$D$1,I8>0,G8/F8>=3),"Very serious",AND(H8<=$D$1*-1,J8>0,I8>$D$2*-1,G8/F8<3),"Serious", AND(H8<=$D$1*-1,J8>0,I8<$D$2*-1,G8/F8<3),"Very serious", AND(H8>=$D$1,I8<0,J8<$D$2,G8/F8<3),"Serious",AND(H8>=$D$1,I8<0,J8>$D$2,G8/F8<3),"Very serious", AND(H8<=$D$1*-1,J8>0,I8>$D$2*-1,G8/F8>=3),"Very serious", AND(H8<=$D$1*-1,J8>0,I8<$D$2*-1,G8/F8>=3),"Very serious", AND(H8>=$D$1,I8<0,J8<$D$2,G8/F8>=3),"Very serious", AND(H8>=$D$1,I8<0,J8>$D$2,G8/F8>=3),"Very serious", AND(H8>$D$1*-1,H8<$D$1,I8>$D$1*-1,J8<$D$1,G8/F8<3),"Not serious", AND(H8>$D$1*-1,H8<$D$1,OR(I8<=$D$1*-1,J8>=$D$1),I8>$D$2*-1,J8<$D$2,G8/F8<3),"Serious", AND(H8>$D$1*-1,H8<$D$1,OR(I8<=$D$2*-1,J8>=$D$2),G8/F8<3),"Very serious", AND(H8>$D$1*-1,H8<$D$1,I8>$D$1*-1,J8<$D$1,G8/F8>=3),"Very serious", AND(H8>$D$1*-1,H8<$D$1,OR(I8<=$D$1*-1,J8>=$D$1),I8>$D$2*-1,J8<$D$2,G8/F8>=3),"Very serious", AND(H8>$D$1*-1,H8<$D$1,OR(I8<=$D$2*-1,J8>=$D$2),G8/F8>=3),"Very serious")),"") -> Extremely serious | R8: =IFERROR(IFS(E8="NA","NA", AND(P8 = "HIGH",COUNTIF(Q8,"serious")>=1),"MODERATE", AND(P8 = "HIGH",COUNTIF(Q8,"Very serious")>=1),"LOW", AND(P8 = "HIGH",COUNTIF(Q8,"Extremely serious")>=1),"VERY LOW", AND(P8 = "HIGH",COUNTIF(Q8,"Not serious")>=1),P8, AND(P8 = "MODERATE",COUNTIF(Q8,"serious")>=1),"LOW", AND(P8 = "MODERATE",COUNTIF(Q8,"Very serious")>=1),"VERY LOW", AND(P8 = "MODERATE",COUNTIF(Q8,"Extremely serious")>=1),"VERY LOW", AND(P8 = "MODERATE",COUNTIF(Q8,"Not serious")>=1),P8, AND(P8 = "LOW",COUNTIF(Q8,"serious")>=1),"VERY LOW", AND(P8 = "LOW",COUNTIF(Q8,"Very serious")>=1),"VERY LOW", AND(P8 = "LOW",COUNTIF(Q8,"Extremely serious")>=1),"VERY LOW", AND(P8 = "LOW",COUNTIF(Q8,"Not serious")>=1),P8, P8 = "VERY LOW", P8),"") -> VERY LOW | T8: NA | U8: NA | V8: NA | W8: NA | X8: NA | Y8: NA | Z8: {=INDEX($A$1:$C$500, MATCH(1,($B:$B=$B8)*($C:$C=$AB8),0),1)} -> #N/A | AA8: {=INDEX($A$1:$C$500, MATCH(1,($B:$B=$AB8)*($C:$C=$B8),0),1)} -> #N/A | AC8: =IF(ISNUMBER(Z8),Z8,AA8) -> #N/A | AD8: =IFERROR(INDEX($A$1:$R$500, MATCH(AC8,A:A,0),16),"") | AE8: {=INDEX($A$1:$C$500, MATCH(1,($B:$B=$AB8)*($C:$C=$AG8),0),1)} | AF8: {=INDEX($A$1:$C$500, MATCH(1,($B:$B=$AG8)*($C:$C=$AB8),0),1)} | AH8: =IF(ISNUMBER(AE8),AE8,AF8) | AI8: =IFERROR(INDEX($A$1:$R$500, MATCH(AH8,A:A,0),16),"") | AJ8: {=INDEX($A$1:$C$500, MATCH(1,($B:$B=$C8)*($C:$C=$AG8),0),1)} -> #N/A | AK8: {=INDEX($A$1:$C$500, MATCH(1,($B:$B=$AG8)*($C:$C=$C8),0),1)} -> #N/A | AL8: {=INDEX($A$1:$C$500, MATCH(1,($B:$B=$C8)*($C:$C=$AB8),0),1)} -> #N/A | AM8: {=INDEX($A$1:$C$500, MATCH(1,($B:$B=$AB8)*($C:$C=$C8),0),1)} -> #N/A | AN8: {=IFS(ISNUMBER(AJ8),AJ8,ISNUMBER(AK8),AK8,ISNUMBER(AL8),AL8,ISNUMBER(AM8),AM8)} -> #N/A | AO8: =IF(ISBLANK(AB8),"",INDEX($A$1:$R$500, MATCH(AN8,$A:$A,0),16)) | AP8: =IF(ISBLANK(AB8),"",iferror(if(or(ifna(AD8,1)=1,ifna(AO8,1)=1),"#N/A",if(countif({AO8,AD8},"VERY LOW")>=1,"VERY LOW",if(countif({AO8,AD8},"LOW")>=1,"LOW",if(countif({AO8,AD8},"MODERATE")>=1,"MODERATE",if(countif({AO8,AD8},"HIGH")>=1,"HIGH","Check manually"))))),"#N/A")) | AR8: =IF(OR(ISBLANK(AB8),ISBLANK(AQ8)),"",IFS(AND(AP8 = "HIGH",AQ8="Serious"),"MODERATE", AND(AP8 = "HIGH",AQ8="Not serious"),AP8, AND(AP8 = "MODERATE",AQ8="Serious"),"LOW", AND(AP8 = "MODERATE",AQ8 ="Not serious"),AP8, AND(AP8 = "LOW",AQ8="serious"),"VERY LOW", AND(AP8 = "LOW",AQ8="Not serious"),AP8, AND(AP8 = "HIGH",AQ8="Very serious"),"LOW", AND(AP8 = "MODERATE",AQ8="Very serious"),"VERY LOW", AND(AP8 = "LOW",AQ8="Very serious"),"VERY LOW", AP8 = "VERY LOW", AP8)) | AS8: =IFERROR(IF(AND(Preferences!B$3="Manual",OR(AX8/AW8>V8/U8,BD8="Serious",BD8="Very serious")),"Assess imprecision",IFERROR(IFS(AND(Preferences!B$3="Automatic",V8/U8>=30),"Extremely serious",AND(W8<=$D$1*-1,Y8<0,V8/U8<3),"Not Serious",AND(W8<=$D$1*-1,Y8<0,V8/U8>=3),"Very serious",AND(W8>=$D$1,X8>0,V8/U8<3),"Not Serious",AND(W8>=$D$1,X8>0,V8/U8>=3),"Very serious",AND(W8<=$D$1*-1,Y8>0,X8>$D$2*-1,V8/U8<3),"Serious", AND(W8<=$D$1*-1,Y8>0,X8<$D$2*-1,V8/U8<3),"Very serious", AND(W8>=$D$1,X8<0,Y8<$D$2,V8/U8<3),"Serious",AND(W8>=$D$1,X8<0,Y8>$D$2,V8/U8<3),"Very serious", AND(W8<=$D$1*-1,Y8>0,X8>$D$2*-1,V8/U8>=3),"Very serious", AND(W8<=$D$1*-1,Y8>0,X8<$D$2*-1,V8/U8>=3),"Very serious", AND(W8>=$D$1,X8<0,Y8<$D$2,V8/U8>=3),"Very serious", AND(W8>=$D$1,X8<0,Y8>$D$2,V8/U8>=3),"Very serious", AND(W8>$D$1*-1,W8<$D$1,X8>$D$1*-1,Y8<$D$1,V8/U8<3),"Not Serious", AND(W8>$D$1*-1,W8<$D$1,OR(X8<=$D$1*-1,Y8>=$D$1),X8>$D$2*-1,Y8<$D$2,V8/U8<3),"Serious", AND(W8>$D$1*-1,W8<$D$1,OR(X8<=$D$2*-1,Y8>=$D$2),V8/U8<3),"Very serious", AND(W8>$D$1*-1,W8<$D$1,X8>$D$1*-1,Y8<$D$1,V8/U8>=3),"Very serious", AND(W8>$D$1*-1,W8<$D$1,OR(X8<=$D$1*-1,Y8>=$D$1),X8>$D$2*-1,Y8<$D$2,V8/U8>=3),"Very serious", AND(W8>$D$1*-1,W8<$D$1,OR(X8<=$D$2*-1,Y8>=$D$2),V8/U8>=3),"Very serious"),"")),"") | AT8: =IFERROR(IFS(T8="NA","NA",AS8="","",AS8="Assess imprecision","", AND(AR8 = "HIGH",COUNTIF(AS8,"serious")>=1),"MODERATE", AND(AR8 = "HIGH",COUNTIF(AS8,"Very serious")>=1),"LOW", AND(AR8 = "HIGH",COUNTIF(AS8,"Extremely serious")>=1),"VERY LOW", AND(AR8 = "HIGH",COUNTIF(AS8,"Not serious")>=1),AR8, AND(AR8 = "MODERATE",COUNTIF(AS8,"serious")>=1),"LOW", AND(AR8 = "MODERATE",COUNTIF(AS8,"Very serious")>=1),"VERY LOW", AND(AR8 = "MODERATE",COUNTIF(AS8,"Extremely serious")>=1),"VERY LOW", AND(AR8 = "MODERATE",COUNTIF(AS8,"Not serious")>=1),AR8, AND(AR8 = "LOW",COUNTIF(AS8,"serious")>=1),"VERY LOW", AND(AR8 = "LOW",COUNTIF(AS8,"Very serious")>=1),"VERY LOW", AND(AR8 = "LOW",COUNTIF(AS8,"Extremely serious")>=1),"VERY LOW", AND(AR8 = "LOW",COUNTIF(AS8,"Not serious")>=1),AR8, AR8 = "VERY LOW", AR8),"") -> NA | AV8: 5.88 | AW8: 0.2 | AX8: 100 | AY8: 112.6 | AZ8: -57.8 | BA8: 815.6 | BB8: =IF(Preferences!B$9="Manual","",IFS(ISBLANK(B8),"",AND(ISNUMBER(E8)=TRUE,ISNUMBER(T8)=FALSE),"Direct", AND(ISNUMBER(E8)=FALSE,ISNUMBER(T8)=TRUE),"Indirect", CN8=4,"Direct",AND(CL8=FALSE, CM8=TRUE,CN8-CO8>-1),"Direct", AND(CL8=FALSE,CM8=TRUE, CN8-CO8<0),"Check algorithm in appendix 2", AND(CL8=TRUE, CM8=FALSE,CN8-CO8>0),"Check algorithm in appendix 2", AND(CL8=TRUE, CM8=FALSE,CN8-CO8=0),"Indirect", AND(CL8=TRUE, CM8=FALSE,CN8-CO8<0),"Indirect", AND(CL8=FALSE,CM8=FALSE,CN8-CO8>-1),"Direct", AND(CL8=FALSE,CM8=FALSE,CN8-CO8<0),"Check algorithm in appendix 2", AND(CL8=TRUE,CM8=TRUE,CN8-CO8>-1),"Direct", AND(CL8=TRUE,CM8=TRUE,CN8-CO8<0),"Check algorithm in appendix 2")) -> Direct | BC8: =IFS(BB8="Direct",P8,BB8="Indirect",AR8,BB8="","",BB8="Check algorithm in appendix 2","") -> HIGH | BD8: Not serious | BE8: =IF(Preferences!B$3="Manual","", IFERROR(IFS(AND(Preferences!B$3="Automatic",AX8/AW8>=30),"Extremely serious",AND(AY8<=$D$1*-1,BA8<0,AX8/AW8<3),"Not Serious",AND(AY8<=$D$1*-1,BA8<0,AX8/AW8>=3),"Very serious",AND(AY8>=$D$1,AZ8>0,AX8/AW8<3),"Not Serious",AND(AY8>=$D$1,AZ8>0,AX8/AW8>=3),"Very serious",AND(AY8<=$D$1*-1,BA8>0,AZ8>$D$2*-1,AX8/AW8<3),"Serious", AND(AY8<=$D$1*-1,BA8>0,AZ8<$D$2*-1,AX8/AW8<3),"Very serious", AND(AY8>=$D$1,AZ8<0,BA8<$D$2,AX8/AW8<3),"Serious",AND(AY8>=$D$1,AZ8<0,BA8>$D$2,AX8/AW8<3),"Very serious", AND(AY8<=$D$1*-1,BA8>0,AZ8>$D$2*-1,AX8/AW8>=3),"Very serious", AND(AY8<=$D$1*-1,BA8>0,AZ8<$D$2*-1,AX8/AW8>=3),"Very serious", AND(AY8>=$D$1,AZ8<0,BA8<$D$2,AX8/AW8>=3),"Very serious", AND(AY8>=$D$1,AZ8<0,BA8>$D$2,AX8/AW8>=3),"Very serious", AND(AY8>$D$1*-1,AY8<$D$1,AZ8>$D$1*-1,BA8<$D$1,AX8/AW8<3),"Not Serious", AND(AY8>$D$1*-1,AY8<$D$1,OR(AZ8<=$D$1*-1,BA8>=$D$1),AZ8>$D$2*-1,BA8<$D$2,AX8/AW8<3),"Serious", AND(AY8>$D$1*-1,AY8<$D$1,OR(AZ8<=$D$2*-1,BA8>=$D$2),AX8/AW8<3),"Very serious", AND(AY8>$D$1*-1,AY8<$D$1,AZ8>$D$1*-1,BA8<$D$1,AX8/AW8>=3),"Very serious", AND(AY8>$D$1*-1,AY8<$D$1,OR(AZ8<=$D$1*-1,BA8>=$D$1),AZ8>$D$2*-1,BA8<$D$2,AX8/AW8>=3),"Very serious", AND(AY8>$D$1*-1,AY8<$D$1,OR(AZ8<=$D$2*-1,BA8>=$D$2),AX8/AW8>=3),"Very serious"),"")) -> Extremely serious | BF8: =IF(OR(ISBLANK(BD8),AND(BE8<>"Not serious",BE8<>"Serious",BE8<>"Very serious",BE8<>"Extremely serious"),AS8="Assess imprecision",Q8="Assess imprecision"),"",IFERROR(IFS(BJ8-(2*COUNTIF(BD8,"Very serious")) - (2*COUNTIF(BE8,"Very serious"))- countif(BD8,"Serious") - countif(BE8,"Serious") - (3*countif(BE8,"Extremely serious"))=4,"HIGH", BJ8-(2*COUNTIF(BD8,"Very serious")) - (2*COUNTIF(BE8,"Very serious"))- countif(BD8,"Serious") - countif(BE8,"Serious") - (3*countif(BE8,"Extremely serious"))=3,"MODERATE", BJ8-(2*COUNTIF(BD8,"Very serious")) - (2*COUNTIF(BE8,"Very serious"))- countif(BD8,"Serious") - countif(BE8,"Serious") - (3*countif(BE8,"Extremely serious"))=2,"LOW", BJ8-(2*COUNTIF(BD8,"Very serious")) - (2*COUNTIF(BE8,"Very serious"))- countif(BD8,"Serious") - countif(BE8,"Serious") - (3*countif(BE8,"Extremely serious"))<=1,"VERY LOW"),"")) -> VERY LOW | BG8: =IFERROR(IFS(BF8="HIGH","NMA",R8="HIGH","DIRECT",AT8="HIGH","INDIRECT",BF8="MODERATE","NMA",R8="MODERATE","DIRECT",AT8="MODERATE","INDIRECT",BF8="LOW","NMA",R8="LOW","DIRECT",AT8="LOW","INDIRECT",BF8="VERY LOW","NMA",R8="VERY LOW","DIRECT",AT8="VERY LOW","INDIRECT"),"") -> NMA | BH8: =IFS(BG8="NMA",BK8,BG8="Direct",BL8,BG8="Indirect",BM8) -> NO | BI8: =if(OR(AV8<=0.7,AV8>=1.3),iferror(if(AX8/AW8>=2.5,"Prelim Very serious",if(BA8-AZ8>200,"Prelim Very serious","Check manually")),if(isblank(AW8)=TRUE,"",if(AW8=0,"Prelim very serious","Error"))),"Check manually") -> Prelim Very serious | BJ8: =ifs(BC8="HIGH",4,BC8="MODERATE",3,BC8="LOW",2,BC8="VERY LOW",1) -> 4 | BK8: =IF(AND(AW8<1,AX8>1),"NO","YES") -> NO | BL8: =IF(AND(F8<1,G8>1),"NO","YES") -> NO | BM8: =IF(AND(U8<1,V8>1),"NO","YES") -> YES | BN8: =(iferror(ifs(L8="Serious","RoB, ",L8="Very Serious","RoBx2, "),"")&iferror(ifs(M8="Serious","Inconsistency, ",M8="Very Serious","Inconsistencyx2, "),"")&iferror(ifs(N8="Serious","Indirectness, ",N8="Very serious","Indirectnessx2, "),"")&iferror(ifs(O8="Serious","Publication bias, "),"")&iferror(ifs(CH8="Serious","Imprecision, ",CH8="Very Serious","Imprecisionx2, ",CH8="Extremely serious","Imprecisionx3, "),"")&iferror(ifs(CI8="Serious","Incoherence, ",CI8="Very Serious","Incoherencex2, ",CI8="NA","",CI8="Not serious",""),"")) -> Imprecisionx3, | BO8: =(IFERROR(IFS(BU8="RoB","RoB, ",BU8="RoBx2","RoBx2, ",BU8="NA",""),"")&IFERROR(IFS(BY8="RoB","Inconsistency, ",BY8="RoBx2","Inconsistencyx2, ",BY8="NA","")&IFERROR(IFS(CC8="RoB","Indirectness, ",CC8="RoBx2","Indirectnessx2, ",CC8="NA",""),"")&IFERROR(IFS(CG8="RoB","Publication bias, ",CG8="RoBx2","Publication biasx2, ",CG8="NA",""),"")&IFERROR(IFS(CH8="Serious","Imprecision, ",CH8="Very serious","Imprecisionx2, ",CH8="Extremely serious","Imprecisionx3, ",CH8="Not serious",""),"")&IFERROR(IFS(AQ8="Serious","Intransitivity, ",AQ8="Very serious","Intransitivityx2, ",AQ8="NA","",AQ8="Not serious",""),"")&IFERROR(IFS(CI8="Serious","Incoherence, ",CI8="Very serious","Incoherencex2, ",CI8="NA","",CI8="Not serious",""),""))) | BP8: =IFS(BB8="Direct",BN8,BB8="Indirect",BO8) -> Imprecisionx3, | BQ8: =IFERROR(LEFT(BP8, LEN(BP8)-2),"") -> Imprecisionx3 | BR8: =IFERROR(INDEX($A$4:$BF504,MATCH($AC8,$A$4:$A504,0),12),"NA") -> NA | BS8: =IFERROR(INDEX($A$4:$BF504,MATCH($AH8,$A$4:$A504,0),12),"NA") | BT8: =IFERROR(INDEX($A$4:$BF504,MATCH($AN8,$A$4:$A504,0),12),"NA") -> NA | BU8: =IFS(OR(BR8="Very Serious",BS8 = "Very Serious",BT8 = "Very Serious"), "RoBx2", OR(BR8="Serious",BS8 = "Serious",BT8 = "Serious"),"RoB", AND(BR8="NA",BS8 = "NA",BT8 = "NA"),"NA", OR(BR8="Not Serious",BS8 = "Not Serious",BT8 = "Not Serious"),"NA") -> #N/A | BV8: =IFERROR(INDEX($A$4:$BF504,MATCH($AC8,$A$4:$A504,0),13),"NA") -> NA | BW8: =IFERROR(INDEX($A$4:$BF504,MATCH($AH8,$A$4:$A504,0),13),"NA") | BX8: =IFERROR(INDEX($A$4:$BF504,MATCH($AN8,$A$4:$A504,0),13),"NA") -> NA | BY8: =IFS(OR(BV8="Very Serious",BW8 = "Very Serious",BX8 = "Very Serious"), "RoBx2", OR(BV8="Serious",BW8 = "Serious",BX8 = "Serious"),"RoB", AND(BV8="NA",BW8 = "NA",BX8 = "NA"),"NA", OR(BV8="Not Serious",BW8 = "Not Serious",BX8 = "Not Serious"),"NA") -> #N/A | BZ8: =IFERROR(INDEX($A$4:$BF504,MATCH($AC8,$A$4:$A504,0),14),"NA") -> NA | CA8: =IFERROR(INDEX($A$4:$BF504,MATCH($AH8,$A$4:$A504,0),14),"NA") | CB8: =IFERROR(INDEX($A$4:$BF504,MATCH($AN8,$A$4:$A504,0),14),"NA") -> NA | CC8: =IFS(OR(BZ8="Very Serious",CA8 = "Very Serious",CB8 = "Very Serious"), "RoBx2", OR(BZ8="Serious",CA8 = "Serious",CB8 = "Serious"),"RoB", AND(BZ8="NA",CA8 = "NA",CB8 = "NA"),"NA", OR(BZ8="Not Serious",CA8 = "Not Serious",CB8 = "Not Serious"),"NA") -> #N/A | CD8: =IFERROR(INDEX($A$4:$BF504,MATCH($AC8,$A$4:$A504,0),15),"NA") -> NA | CE8: =IFERROR(INDEX($A$4:$BF504,MATCH($AH8,$A$4:$A504,0),15),"NA") | CF8: =IFERROR(INDEX($A$4:$BF504,MATCH($AN8,$A$4:$A504,0),15),"NA") -> NA | CG8: =IFS(OR(CD8="Very Serious",CE8 = "Very Serious",CF8 = "Very Serious"), "RoBx2", OR(CD8="Serious",CE8 = "Serious",CF8 = "Serious"),"RoB", AND(CD8="NA",CE8 = "NA",CF8 = "NA"),"NA", OR(CD8="Not Serious",CE8 = "Not Serious",CF8 = "Not Serious"),"NA") -> #N/A | CH8: =IFS(BG8="NMA",BE8,BG8="Direct",Q8,BG8="Indirect",AS8) -> Extremely serious | CI8: =IFS(BG8="NMA",BD8,BG8="Direct","NA",BG8="Indirect","NA") -> Not serious | CJ8: =if(count(AV8:BA8)=6,if(abs(AY8)>=$D$1, if(AY8>0,if(OR(AZ8<0,BA8<0),if(and(BA8>$D$2,AZ8<$D$1),"2x, RD CIs very wide: Large harm to trivial effect or more","1x, RD CIs wide: crosses 0"),if(OR(AV8>=1.3,AV8<=0.7), if(and(count(AW8)=1,count(AX8)=1),if(round(AX8/AW8,2)>=2.5,"Wide OR CI: OIS not met","No serious imprecision"),"ERROR: check cell"),"No serious imprecision")),if(OR(AZ8>=0,BA8>=0),if(and(AZ8<(-1*$D$2),BA8>(-1*$D$1)),"2x, RD CIs very wide: Large benefit to trivial effect or more","1x, RD CIs wide: crosses 0"),if(OR(AV8>=1.3,AV8<=0.7), if(and(count(AW8)=1,count(AX8)=1),if(round(AX8/AW8,2)>=2.5,"Wide OR CI: OIS not met","No serious imprecision"),"ERROR: check cell"),"No serious imprecision"))),if(AY8>0,if(OR(AZ8<(-1*$D$1),BA8>$D$1),if(and(BA8>$D$2,AZ8<$D$1),"2x, RD CIs very wide: Large harm to trivial effect or more","1x, RD CIs wide: crosses MID"),if(OR(AV8>=1.3,AV8<=0.7), if(and(count(AW8)=1,count(AX8)=1),if(round(AX8/AW8,2)>=2.5,"Wide OR CI: OIS not met","No serious imprecision"),"ERROR: check cell"),"No serious imprecision")),if(OR(AZ8<=(-1*$D$1),BA8>=$D$1),if(and(AZ8<(-1*$D$2),BA8>(-1*$D$1)),"2x, RD CIs very wide: Large benefit to trivial effect or more","1x, RD CIs wide: crosses MID"),if(OR(AV8>=1.3,AV8<=0.7), if(and(count(AW8)=1,count(AX8)=1),if(round(AX8/AW8,2)>=2.5,"Wide OR CI: OIS not met","No serious imprecision"),"ERROR: check cell"),"No serious imprecision")))),"ERROR: check cell") -> 2x, RD CIs very wide: Large harm to trivial effect or more | CL8: =AND(OR(AX8/G8<0.9,AX8/G8>1.1),OR(AW8/F8<0.9,AW8/F8>1.1)) -> FALSE | CM8: =AND(OR(AX8/V8<0.9,AX8/V8>1.1),OR(AW8/U8<0.9,AW8/U8>1.1)) -> #VALUE! | CN8: =(4-(3*COUNTIF(P8,"VERY LOW"))-2*countif(P8,"LOW")-1*countif(P8,"MODERATE")) -> 4 | CO8: =(4-(3*COUNTIF(AR8,"VERY LOW"))-2*countif(AR8,"LOW")-1*countif(AR8,"MODERATE")) -> 4 | CP8: =IFS(C8=Preferences!B$13,B8,B8=Preferences!B$13,C8) -> #N/A
A9: =IF(ISBLANK(B9),"",A8+1) -> 6 | B9: A | C9: C | E9: NA | F9: NA | G9: NA | H9: NA | I9: NA | J9: NA | P9: =IF(OR(ISBLANK(L9),ISBLANK(M9),ISBLANK(N9),ISBLANK(O9)),"",if(OR(iserror(L9)=TRUE,iferror(L9="NA","NA")),"NA",ifs(4-(2*COUNTIF(L9:O9,"Very serious"))-countif(L9:O9,"Serious")=4,"HIGH",4-(2*COUNTIF(L9:O9,"Very serious"))-countif(L9:O9,"Serious")=3,"MODERATE",4-(2*COUNTIF(L9:O9,"Very serious"))-countif(L9:O9,"Serious")=2,"LOW",4-(2*COUNTIF(L9:O9,"Very serious"))-countif(L9:O9,"Serious")<=1,"VERY LOW"))) | Q9: =IFERROR(IF(AND(Preferences!B$3="Manual",OR(AX9/AW9>G9/F9,BD9="Serious",BD9="Very serious")),"Assess imprecision",IFS(ISBLANK(E9),"",AND(Preferences!B$3="Automatic", G9/F9>=30),"Extremely serious",AND(H9<=$D$1*-1,J9<0,G9/F9<3),"Not serious",AND(H9<=$D$1*-1,J9<0,G9/F9>=3),"Very serious",AND(H9>=$D$1,I9>0,G9/F9<3),"Not serious",AND(H9>=$D$1,I9>0,G9/F9>=3),"Very serious",AND(H9<=$D$1*-1,J9>0,I9>$D$2*-1,G9/F9<3),"Serious", AND(H9<=$D$1*-1,J9>0,I9<$D$2*-1,G9/F9<3),"Very serious", AND(H9>=$D$1,I9<0,J9<$D$2,G9/F9<3),"Serious",AND(H9>=$D$1,I9<0,J9>$D$2,G9/F9<3),"Very serious", AND(H9<=$D$1*-1,J9>0,I9>$D$2*-1,G9/F9>=3),"Very serious", AND(H9<=$D$1*-1,J9>0,I9<$D$2*-1,G9/F9>=3),"Very serious", AND(H9>=$D$1,I9<0,J9<$D$2,G9/F9>=3),"Very serious", AND(H9>=$D$1,I9<0,J9>$D$2,G9/F9>=3),"Very serious", AND(H9>$D$1*-1,H9<$D$1,I9>$D$1*-1,J9<$D$1,G9/F9<3),"Not serious", AND(H9>$D$1*-1,H9<$D$1,OR(I9<=$D$1*-1,J9>=$D$1),I9>$D$2*-1,J9<$D$2,G9/F9<3),"Serious", AND(H9>$D$1*-1,H9<$D$1,OR(I9<=$D$2*-1,J9>=$D$2),G9/F9<3),"Very serious", AND(H9>$D$1*-1,H9<$D$1,I9>$D$1*-1,J9<$D$1,G9/F9>=3),"Very serious", AND(H9>$D$1*-1,H9<$D$1,OR(I9<=$D$1*-1,J9>=$D$1),I9>$D$2*-1,J9<$D$2,G9/F9>=3),"Very serious", AND(H9>$D$1*-1,H9<$D$1,OR(I9<=$D$2*-1,J9>=$D$2),G9/F9>=3),"Very serious")),"") | R9: =IFERROR(IFS(E9="NA","NA", AND(P9 = "HIGH",COUNTIF(Q9,"serious")>=1),"MODERATE", AND(P9 = "HIGH",COUNTIF(Q9,"Very serious")>=1),"LOW", AND(P9 = "HIGH",COUNTIF(Q9,"Extremely serious")>=1),"VERY LOW", AND(P9 = "HIGH",COUNTIF(Q9,"Not serious")>=1),P9, AND(P9 = "MODERATE",COUNTIF(Q9,"serious")>=1),"LOW", AND(P9 = "MODERATE",COUNTIF(Q9,"Very serious")>=1),"VERY LOW", AND(P9 = "MODERATE",COUNTIF(Q9,"Extremely serious")>=1),"VERY LOW", AND(P9 = "MODERATE",COUNTIF(Q9,"Not serious")>=1),P9, AND(P9 = "LOW",COUNTIF(Q9,"serious")>=1),"VERY LOW", AND(P9 = "LOW",COUNTIF(Q9,"Very serious")>=1),"VERY LOW", AND(P9 = "LOW",COUNTIF(Q9,"Extremely serious")>=1),"VERY LOW", AND(P9 = "LOW",COUNTIF(Q9,"Not serious")>=1),P9, P9 = "VERY LOW", P9),"") -> NA | T9: 788698.98 | U9: 0.89291847 | V9: 29919137508618579968 | W9: 818.98418 | X9: -4.686322 | Y9: 975.39181 | Z9: {=INDEX($A$1:$C$500, MATCH(1,($B:$B=$B9)*($C:$C=$AB9),0),1)} -> 5 | AA9: {=INDEX($A$1:$C$500, MATCH(1,($B:$B=$AB9)*($C:$C=$B9),0),1)} -> #N/A | AB9: B | AC9: =IF(ISNUMBER(Z9),Z9,AA9) -> 5 | AD9: =IFERROR(INDEX($A$1:$R$500, MATCH(AC9,A:A,0),16),"") -> HIGH | AE9: {=INDEX($A$1:$C$500, MATCH(1,($B:$B=$AB9)*($C:$C=$AG9),0),1)} -> #N/A | AF9: {=INDEX($A$1:$C$500, MATCH(1,($B:$B=$AG9)*($C:$C=$AB9),0),1)} -> #N/A | AH9: =IF(ISNUMBER(AE9),AE9,AF9) -> #N/A | AI9: =IFERROR(INDEX($A$1:$R$500, MATCH(AH9,A:A,0),16),"") | AJ9: {=INDEX($A$1:$C$500, MATCH(1,($B:$B=$C9)*($C:$C=$AG9),0),1)} -> #N/A | AK9: {=INDEX($A$1:$C$500, MATCH(1,($B:$B=$AG9)*($C:$C=$C9),0),1)} -> #N/A | AL9: {=INDEX($A$1:$C$500, MATCH(1,($B:$B=$C9)*($C:$C=$AB9),0),1)} -> #N/A | AM9: {=INDEX($A$1:$C$500, MATCH(1,($B:$B=$AB9)*($C:$C=$C9),0),1)} -> 8 | AN9: {=IFS(ISNUMBER(AJ9),AJ9,ISNUMBER(AK9),AK9,ISNUMBER(AL9),AL9,ISNUMBER(AM9),AM9)} -> 8 | AO9: =IF(ISBLANK(AB9),"",INDEX($A$1:$R$500, MATCH(AN9,$A:$A,0),16)) -> HIGH | AP9: =IF(ISBLANK(AB9),"",iferror(if(or(ifna(AD9,1)=1,ifna(AO9,1)=1),"#N/A",if(countif({AO9,AD9},"VERY LOW")>=1,"VERY LOW",if(countif({AO9,AD9},"LOW")>=1,"LOW",if(countif({AO9,AD9},"MODERATE")>=1,"MODERATE",if(countif({AO9,AD9},"HIGH")>=1,"HIGH","Check manually"))))),"#N/A")) -> HIGH | AQ9: Not serious | AR9: =IF(OR(ISBLANK(AB9),ISBLANK(AQ9)),"",IFS(AND(AP9 = "HIGH",AQ9="Serious"),"MODERATE", AND(AP9 = "HIGH",AQ9="Not serious"),AP9, AND(AP9 = "MODERATE",AQ9="Serious"),"LOW", AND(AP9 = "MODERATE",AQ9 ="Not serious"),AP9, AND(AP9 = "LOW",AQ9="serious"),"VERY LOW", AND(AP9 = "LOW",AQ9="Not serious"),AP9, AND(AP9 = "HIGH",AQ9="Very serious"),"LOW", AND(AP9 = "MODERATE",AQ9="Very serious"),"VERY LOW", AND(AP9 = "LOW",AQ9="Very serious"),"VERY LOW", AP9 = "VERY LOW", AP9)) -> HIGH | AS9: =IFERROR(IF(AND(Preferences!B$3="Manual",OR(AX9/AW9>V9/U9,BD9="Serious",BD9="Very serious")),"Assess imprecision",IFERROR(IFS(AND(Preferences!B$3="Automatic",V9/U9>=30),"Extremely serious",AND(W9<=$D$1*-1,Y9<0,V9/U9<3),"Not Serious",AND(W9<=$D$1*-1,Y9<0,V9/U9>=3),"Very serious",AND(W9>=$D$1,X9>0,V9/U9<3),"Not Serious",AND(W9>=$D$1,X9>0,V9/U9>=3),"Very serious",AND(W9<=$D$1*-1,Y9>0,X9>$D$2*-1,V9/U9<3),"Serious", AND(W9<=$D$1*-1,Y9>0,X9<$D$2*-1,V9/U9<3),"Very serious", AND(W9>=$D$1,X9<0,Y9<$D$2,V9/U9<3),"Serious",AND(W9>=$D$1,X9<0,Y9>$D$2,V9/U9<3),"Very serious", AND(W9<=$D$1*-1,Y9>0,X9>$D$2*-1,V9/U9>=3),"Very serious", AND(W9<=$D$1*-1,Y9>0,X9<$D$2*-1,V9/U9>=3),"Very serious", AND(W9>=$D$1,X9<0,Y9<$D$2,V9/U9>=3),"Very serious", AND(W9>=$D$1,X9<0,Y9>$D$2,V9/U9>=3),"Very serious", AND(W9>$D$1*-1,W9<$D$1,X9>$D$1*-1,Y9<$D$1,V9/U9<3),"Not Serious", AND(W9>$D$1*-1,W9<$D$1,OR(X9<=$D$1*-1,Y9>=$D$1),X9>$D$2*-1,Y9<$D$2,V9/U9<3),"Serious", AND(W9>$D$1*-1,W9<$D$1,OR(X9<=$D$2*-1,Y9>=$D$2),V9/U9<3),"Very serious", AND(W9>$D$1*-1,W9<$D$1,X9>$D$1*-1,Y9<$D$1,V9/U9>=3),"Very serious", AND(W9>$D$1*-1,W9<$D$1,OR(X9<=$D$1*-1,Y9>=$D$1),X9>$D$2*-1,Y9<$D$2,V9/U9>=3),"Very serious", AND(W9>$D$1*-1,W9<$D$1,OR(X9<=$D$2*-1,Y9>=$D$2),V9/U9>=3),"Very serious"),"")),"") -> Extremely serious | AT9: =IFERROR(IFS(T9="NA","NA",AS9="","",AS9="Assess imprecision","", AND(AR9 = "HIGH",COUNTIF(AS9,"serious")>=1),"MODERATE", AND(AR9 = "HIGH",COUNTIF(AS9,"Very serious")>=1),"LOW", AND(AR9 = "HIGH",COUNTIF(AS9,"Extremely serious")>=1),"VERY LOW", AND(AR9 = "HIGH",COUNTIF(AS9,"Not serious")>=1),AR9, AND(AR9 = "MODERATE",COUNTIF(AS9,"serious")>=1),"LOW", AND(AR9 = "MODERATE",COUNTIF(AS9,"Very serious")>=1),"VERY LOW", AND(AR9 = "MODERATE",COUNTIF(AS9,"Extremely serious")>=1),"VERY LOW", AND(AR9 = "MODERATE",COUNTIF(AS9,"Not serious")>=1),AR9, AND(AR9 = "LOW",COUNTIF(AS9,"serious")>=1),"VERY LOW", AND(AR9 = "LOW",COUNTIF(AS9,"Very serious")>=1),"VERY LOW", AND(AR9 = "LOW",COUNTIF(AS9,"Extremely serious")>=1),"VERY LOW", AND(AR9 = "LOW",COUNTIF(AS9,"Not serious")>=1),AR9, AR9 = "VERY LOW", AR9),"") -> VERY LOW | AV9: 788698.98 | AW9: 0.89291847 | AX9: 29919137508618579968 | AY9: 818.98418 | AZ9: -4.686322 | BA9: 975.39181 | BB9: =IF(Preferences!B$9="Manual","",IFS(ISBLANK(B9),"",AND(ISNUMBER(E9)=TRUE,ISNUMBER(T9)=FALSE),"Direct", AND(ISNUMBER(E9)=FALSE,ISNUMBER(T9)=TRUE),"Indirect", CN9=4,"Direct",AND(CL9=FALSE, CM9=TRUE,CN9-CO9>-1),"Direct", AND(CL9=FALSE,CM9=TRUE, CN9-CO9<0),"Check algorithm in appendix 2", AND(CL9=TRUE, CM9=FALSE,CN9-CO9>0),"Check algorithm in appendix 2", AND(CL9=TRUE, CM9=FALSE,CN9-CO9=0),"Indirect", AND(CL9=TRUE, CM9=FALSE,CN9-CO9<0),"Indirect", AND(CL9=FALSE,CM9=FALSE,CN9-CO9>-1),"Direct", AND(CL9=FALSE,CM9=FALSE,CN9-CO9<0),"Check algorithm in appendix 2", AND(CL9=TRUE,CM9=TRUE,CN9-CO9>-1),"Direct", AND(CL9=TRUE,CM9=TRUE,CN9-CO9<0),"Check algorithm in appendix 2")) -> Indirect | BC9: =IFS(BB9="Direct",P9,BB9="Indirect",AR9,BB9="","",BB9="Check algorithm in appendix 2","") -> HIGH | BD9: Not serious | BE9: =IF(Preferences!B$3="Manual","", IFERROR(IFS(AND(Preferences!B$3="Automatic",AX9/AW9>=30),"Extremely serious",AND(AY9<=$D$1*-1,BA9<0,AX9/AW9<3),"Not Serious",AND(AY9<=$D$1*-1,BA9<0,AX9/AW9>=3),"Very serious",AND(AY9>=$D$1,AZ9>0,AX9/AW9<3),"Not Serious",AND(AY9>=$D$1,AZ9>0,AX9/AW9>=3),"Very serious",AND(AY9<=$D$1*-1,BA9>0,AZ9>$D$2*-1,AX9/AW9<3),"Serious", AND(AY9<=$D$1*-1,BA9>0,AZ9<$D$2*-1,AX9/AW9<3),"Very serious", AND(AY9>=$D$1,AZ9<0,BA9<$D$2,AX9/AW9<3),"Serious",AND(AY9>=$D$1,AZ9<0,BA9>$D$2,AX9/AW9<3),"Very serious", AND(AY9<=$D$1*-1,BA9>0,AZ9>$D$2*-1,AX9/AW9>=3),"Very serious", AND(AY9<=$D$1*-1,BA9>0,AZ9<$D$2*-1,AX9/AW9>=3),"Very serious", AND(AY9>=$D$1,AZ9<0,BA9<$D$2,AX9/AW9>=3),"Very serious", AND(AY9>=$D$1,AZ9<0,BA9>$D$2,AX9/AW9>=3),"Very serious", AND(AY9>$D$1*-1,AY9<$D$1,AZ9>$D$1*-1,BA9<$D$1,AX9/AW9<3),"Not Serious", AND(AY9>$D$1*-1,AY9<$D$1,OR(AZ9<=$D$1*-1,BA9>=$D$1),AZ9>$D$2*-1,BA9<$D$2,AX9/AW9<3),"Serious", AND(AY9>$D$1*-1,AY9<$D$1,OR(AZ9<=$D$2*-1,BA9>=$D$2),AX9/AW9<3),"Very serious", AND(AY9>$D$1*-1,AY9<$D$1,AZ9>$D$1*-1,BA9<$D$1,AX9/AW9>=3),"Very serious", AND(AY9>$D$1*-1,AY9<$D$1,OR(AZ9<=$D$1*-1,BA9>=$D$1),AZ9>$D$2*-1,BA9<$D$2,AX9/AW9>=3),"Very serious", AND(AY9>$D$1*-1,AY9<$D$1,OR(AZ9<=$D$2*-1,BA9>=$D$2),AX9/AW9>=3),"Very serious"),"")) -> Extremely serious | BF9: =IF(OR(ISBLANK(BD9),AND(BE9<>"Not serious",BE9<>"Serious",BE9<>"Very serious",BE9<>"Extremely serious"),AS9="Assess imprecision",Q9="Assess imprecision"),"",IFERROR(IFS(BJ9-(2*COUNTIF(BD9,"Very serious")) - (2*COUNTIF(BE9,"Very serious"))- countif(BD9,"Serious") - countif(BE9,"Serious") - (3*countif(BE9,"Extremely serious"))=4,"HIGH", BJ9-(2*COUNTIF(BD9,"Very serious")) - (2*COUNTIF(BE9,"Very serious"))- countif(BD9,"Serious") - countif(BE9,"Serious") - (3*countif(BE9,"Extremely serious"))=3,"MODERATE", BJ9-(2*COUNTIF(BD9,"Very serious")) - (2*COUNTIF(BE9,"Very serious"))- countif(BD9,"Serious") - countif(BE9,"Serious") - (3*countif(BE9,"Extremely serious"))=2,"LOW", BJ9-(2*COUNTIF(BD9,"Very serious")) - (2*COUNTIF(BE9,"Very serious"))- countif(BD9,"Serious") - countif(BE9,"Serious") - (3*countif(BE9,"Extremely serious"))<=1,"VERY LOW"),"")) -> VERY LOW | BG9: =IFERROR(IFS(BF9="HIGH","NMA",R9="HIGH","DIRECT",AT9="HIGH","INDIRECT",BF9="MODERATE","NMA",R9="MODERATE","DIRECT",AT9="MODERATE","INDIRECT",BF9="LOW","NMA",R9="LOW","DIRECT",AT9="LOW","INDIRECT",BF9="VERY LOW","NMA",R9="VERY LOW","DIRECT",AT9="VERY LOW","INDIRECT"),"") -> NMA | BH9: =IFS(BG9="NMA",BK9,BG9="Direct",BL9,BG9="Indirect",BM9) -> NO | BI9: =if(OR(AV9<=0.7,AV9>=1.3),iferror(if(AX9/AW9>=2.5,"Prelim Very serious",if(BA9-AZ9>200,"Prelim Very serious","Check manually")),if(isblank(AW9)=TRUE,"",if(AW9=0,"Prelim very serious","Error"))),"Check manually") -> Prelim Very serious | BJ9: =ifs(BC9="HIGH",4,BC9="MODERATE",3,BC9="LOW",2,BC9="VERY LOW",1) -> 4 | BK9: =IF(AND(AW9<1,AX9>1),"NO","YES") -> NO | BL9: =IF(AND(F9<1,G9>1),"NO","YES") -> YES | BM9: =IF(AND(U9<1,V9>1),"NO","YES") -> NO | BN9: =(iferror(ifs(L9="Serious","RoB, ",L9="Very Serious","RoBx2, "),"")&iferror(ifs(M9="Serious","Inconsistency, ",M9="Very Serious","Inconsistencyx2, "),"")&iferror(ifs(N9="Serious","Indirectness, ",N9="Very serious","Indirectnessx2, "),"")&iferror(ifs(O9="Serious","Publication bias, "),"")&iferror(ifs(CH9="Serious","Imprecision, ",CH9="Very Serious","Imprecisionx2, ",CH9="Extremely serious","Imprecisionx3, "),"")&iferror(ifs(CI9="Serious","Incoherence, ",CI9="Very Serious","Incoherencex2, ",CI9="NA","",CI9="Not serious",""),"")) -> Imprecisionx3, | BO9: =(IFERROR(IFS(BU9="RoB","RoB, ",BU9="RoBx2","RoBx2, ",BU9="NA",""),"")&IFERROR(IFS(BY9="RoB","Inconsistency, ",BY9="RoBx2","Inconsistencyx2, ",BY9="NA","")&IFERROR(IFS(CC9="RoB","Indirectness, ",CC9="RoBx2","Indirectnessx2, ",CC9="NA",""),"")&IFERROR(IFS(CG9="RoB","Publication bias, ",CG9="RoBx2","Publication biasx2, ",CG9="NA",""),"")&IFERROR(IFS(CH9="Serious","Imprecision, ",CH9="Very serious","Imprecisionx2, ",CH9="Extremely serious","Imprecisionx3, ",CH9="Not serious",""),"")&IFERROR(IFS(AQ9="Serious","Intransitivity, ",AQ9="Very serious","Intransitivityx2, ",AQ9="NA","",AQ9="Not serious",""),"")&IFERROR(IFS(CI9="Serious","Incoherence, ",CI9="Very serious","Incoherencex2, ",CI9="NA","",CI9="Not serious",""),""))) -> Imprecisionx3, | BP9: =IFS(BB9="Direct",BN9,BB9="Indirect",BO9) -> Imprecisionx3, | BQ9: =IFERROR(LEFT(BP9, LEN(BP9)-2),"") -> Imprecisionx3 | BR9: =IFERROR(INDEX($A$4:$BF505,MATCH($AC9,$A$4:$A505,0),12),"NA") -> Not serious | BS9: =IFERROR(INDEX($A$4:$BF505,MATCH($AH9,$A$4:$A505,0),12),"NA") -> NA | BT9: =IFERROR(INDEX($A$4:$BF505,MATCH($AN9,$A$4:$A505,0),12),"NA") -> Not serious | BU9: =IFS(OR(BR9="Very Serious",BS9 = "Very Serious",BT9 = "Very Serious"), "RoBx2", OR(BR9="Serious",BS9 = "Serious",BT9 = "Serious"),"RoB", AND(BR9="NA",BS9 = "NA",BT9 = "NA"),"NA", OR(BR9="Not Serious",BS9 = "Not Serious",BT9 = "Not Serious"),"NA") -> NA | BV9: =IFERROR(INDEX($A$4:$BF505,MATCH($AC9,$A$4:$A505,0),13),"NA") -> Not serious | BW9: =IFERROR(INDEX($A$4:$BF505,MATCH($AH9,$A$4:$A505,0),13),"NA") -> NA | BX9: =IFERROR(INDEX($A$4:$BF505,MATCH($AN9,$A$4:$A505,0),13),"NA") -> Not serious | BY9: =IFS(OR(BV9="Very Serious",BW9 = "Very Serious",BX9 = "Very Serious"), "RoBx2", OR(BV9="Serious",BW9 = "Serious",BX9 = "Serious"),"RoB", AND(BV9="NA",BW9 = "NA",BX9 = "NA"),"NA", OR(BV9="Not Serious",BW9 = "Not Serious",BX9 = "Not Serious"),"NA") -> NA | BZ9: =IFERROR(INDEX($A$4:$BF505,MATCH($AC9,$A$4:$A505,0),14),"NA") -> Not serious | CA9: =IFERROR(INDEX($A$4:$BF505,MATCH($AH9,$A$4:$A505,0),14),"NA") -> NA | CB9: =IFERROR(INDEX($A$4:$BF505,MATCH($AN9,$A$4:$A505,0),14),"NA") -> Not serious | CC9: =IFS(OR(BZ9="Very Serious",CA9 = "Very Serious",CB9 = "Very Serious"), "RoBx2", OR(BZ9="Serious",CA9 = "Serious",CB9 = "Serious"),"RoB", AND(BZ9="NA",CA9 = "NA",CB9 = "NA"),"NA", OR(BZ9="Not Serious",CA9 = "Not Serious",CB9 = "Not Serious"),"NA") -> NA | CD9: =IFERROR(INDEX($A$4:$BF505,MATCH($AC9,$A$4:$A505,0),15),"NA") -> Not serious | CE9: =IFERROR(INDEX($A$4:$BF505,MATCH($AH9,$A$4:$A505,0),15),"NA") -> NA | CF9: =IFERROR(INDEX($A$4:$BF505,MATCH($AN9,$A$4:$A505,0),15),"NA") -> Not serious | CG9: =IFS(OR(CD9="Very Serious",CE9 = "Very Serious",CF9 = "Very Serious"), "RoBx2", OR(CD9="Serious",CE9 = "Serious",CF9 = "Serious"),"RoB", AND(CD9="NA",CE9 = "NA",CF9 = "NA"),"NA", OR(CD9="Not Serious",CE9 = "Not Serious",CF9 = "Not Serious"),"NA") -> NA | CH9: =IFS(BG9="NMA",BE9,BG9="Direct",Q9,BG9="Indirect",AS9) -> Extremely serious | CI9: =IFS(BG9="NMA",BD9,BG9="Direct","NA",BG9="Indirect","NA") -> Not serious | CJ9: =if(count(AV9:BA9)=6,if(abs(AY9)>=$D$1, if(AY9>0,if(OR(AZ9<0,BA9<0),if(and(BA9>$D$2,AZ9<$D$1),"2x, RD CIs very wide: Large harm to trivial effect or more","1x, RD CIs wide: crosses 0"),if(OR(AV9>=1.3,AV9<=0.7), if(and(count(AW9)=1,count(AX9)=1),if(round(AX9/AW9,2)>=2.5,"Wide OR CI: OIS not met","No serious imprecision"),"ERROR: check cell"),"No serious imprecision")),if(OR(AZ9>=0,BA9>=0),if(and(AZ9<(-1*$D$2),BA9>(-1*$D$1)),"2x, RD CIs very wide: Large benefit to trivial effect or more","1x, RD CIs wide: crosses 0"),if(OR(AV9>=1.3,AV9<=0.7), if(and(count(AW9)=1,count(AX9)=1),if(round(AX9/AW9,2)>=2.5,"Wide OR CI: OIS not met","No serious imprecision"),"ERROR: check cell"),"No serious imprecision"))),if(AY9>0,if(OR(AZ9<(-1*$D$1),BA9>$D$1),if(and(BA9>$D$2,AZ9<$D$1),"2x, RD CIs very wide: Large harm to trivial effect or more","1x, RD CIs wide: crosses MID"),if(OR(AV9>=1.3,AV9<=0.7), if(and(count(AW9)=1,count(AX9)=1),if(round(AX9/AW9,2)>=2.5,"Wide OR CI: OIS not met","No serious imprecision"),"ERROR: check cell"),"No serious imprecision")),if(OR(AZ9<=(-1*$D$1),BA9>=$D$1),if(and(AZ9<(-1*$D$2),BA9>(-1*$D$1)),"2x, RD CIs very wide: Large benefit to trivial effect or more","1x, RD CIs wide: crosses MID"),if(OR(AV9>=1.3,AV9<=0.7), if(and(count(AW9)=1,count(AX9)=1),if(round(AX9/AW9,2)>=2.5,"Wide OR CI: OIS not met","No serious imprecision"),"ERROR: check cell"),"No serious imprecision")))),"ERROR: check cell") -> ERROR: check cell | CK9: =if(AND(T9<1=TRUE,E9<1=TRUE)=TRUE,if(OR(AND(V9>G9=TRUE,G9>U9=TRUE),AND(G9>V9=TRUE,V9>F9=TRUE)=TRUE)=TRUE,"No serious incoherence","Quantitative incoherence (same direction of effect)"),if(AND(T9>1=TRUE,E9>1=TRUE)=TRUE,if(OR(AND(V9>G9=TRUE,G9>U9=TRUE),AND(G9>V9=TRUE,V9>F9=TRUE)=TRUE)=TRUE,"No serious incoherence","Quantitative incoherence (same direction of effect)"),if(OR(AND(T9<1=TRUE,E9>1=TRUE)=TRUE,AND(T9>1=TRUE,E9<1=TRUE)=TRUE)=TRUE,if(OR(AND(V9>G9=TRUE,G9>U9=TRUE),AND(G9>V9=TRUE,V9>F9=TRUE)=TRUE)=TRUE,"No serious incoherence","Qualitative incoherence (different direction of effect)")))) -> Quantitative incoherence (same direction of effect) | CL9: =AND(OR(AX9/G9<0.9,AX9/G9>1.1),OR(AW9/F9<0.9,AW9/F9>1.1)) -> #VALUE! | CM9: =AND(OR(AX9/V9<0.9,AX9/V9>1.1),OR(AW9/U9<0.9,AW9/U9>1.1)) -> FALSE | CN9: =(4-(3*COUNTIF(P9,"VERY LOW"))-2*countif(P9,"LOW")-1*countif(P9,"MODERATE")) -> 4 | CO9: =(4-(3*COUNTIF(AR9,"VERY LOW"))-2*countif(AR9,"LOW")-1*countif(AR9,"MODERATE")) -> 4 | CP9: =IFS(C9=Preferences!B$13,B9,B9=Preferences!B$13,C9) -> #N/A
A10: =IF(ISBLANK(B10),"",A9+1) -> 7 | B10: A | C10: D | E10: NA | F10: NA | G10: NA | H10: NA | I10: NA | J10: NA | P10: =IF(OR(ISBLANK(L10),ISBLANK(M10),ISBLANK(N10),ISBLANK(O10)),"",if(OR(iserror(L10)=TRUE,iferror(L10="NA","NA")),"NA",ifs(4-(2*COUNTIF(L10:O10,"Very serious"))-countif(L10:O10,"Serious")=4,"HIGH",4-(2*COUNTIF(L10:O10,"Very serious"))-countif(L10:O10,"Serious")=3,"MODERATE",4-(2*COUNTIF(L10:O10,"Very serious"))-countif(L10:O10,"Serious")=2,"LOW",4-(2*COUNTIF(L10:O10,"Very serious"))-countif(L10:O10,"Serious")<=1,"VERY LOW"))) | Q10: =IFERROR(IF(AND(Preferences!B$3="Manual",OR(AX10/AW10>G10/F10,BD10="Serious",BD10="Very serious")),"Assess imprecision",IFS(ISBLANK(E10),"",AND(Preferences!B$3="Automatic", G10/F10>=30),"Extremely serious",AND(H10<=$D$1*-1,J10<0,G10/F10<3),"Not serious",AND(H10<=$D$1*-1,J10<0,G10/F10>=3),"Very serious",AND(H10>=$D$1,I10>0,G10/F10<3),"Not serious",AND(H10>=$D$1,I10>0,G10/F10>=3),"Very serious",AND(H10<=$D$1*-1,J10>0,I10>$D$2*-1,G10/F10<3),"Serious", AND(H10<=$D$1*-1,J10>0,I10<$D$2*-1,G10/F10<3),"Very serious", AND(H10>=$D$1,I10<0,J10<$D$2,G10/F10<3),"Serious",AND(H10>=$D$1,I10<0,J10>$D$2,G10/F10<3),"Very serious", AND(H10<=$D$1*-1,J10>0,I10>$D$2*-1,G10/F10>=3),"Very serious", AND(H10<=$D$1*-1,J10>0,I10<$D$2*-1,G10/F10>=3),"Very serious", AND(H10>=$D$1,I10<0,J10<$D$2,G10/F10>=3),"Very serious", AND(H10>=$D$1,I10<0,J10>$D$2,G10/F10>=3),"Very serious", AND(H10>$D$1*-1,H10<$D$1,I10>$D$1*-1,J10<$D$1,G10/F10<3),"Not serious", AND(H10>$D$1*-1,H10<$D$1,OR(I10<=$D$1*-1,J10>=$D$1),I10>$D$2*-1,J10<$D$2,G10/F10<3),"Serious", AND(H10>$D$1*-1,H10<$D$1,OR(I10<=$D$2*-1,J10>=$D$2),G10/F10<3),"Very serious", AND(H10>$D$1*-1,H10<$D$1,I10>$D$1*-1,J10<$D$1,G10/F10>=3),"Very serious", AND(H10>$D$1*-1,H10<$D$1,OR(I10<=$D$1*-1,J10>=$D$1),I10>$D$2*-1,J10<$D$2,G10/F10>=3),"Very serious", AND(H10>$D$1*-1,H10<$D$1,OR(I10<=$D$2*-1,J10>=$D$2),G10/F10>=3),"Very serious")),"") | R10: =IFERROR(IFS(E10="NA","NA", AND(P10 = "HIGH",COUNTIF(Q10,"serious")>=1),"MODERATE", AND(P10 = "HIGH",COUNTIF(Q10,"Very serious")>=1),"LOW", AND(P10 = "HIGH",COUNTIF(Q10,"Extremely serious")>=1),"VERY LOW", AND(P10 = "HIGH",COUNTIF(Q10,"Not serious")>=1),P10, AND(P10 = "MODERATE",COUNTIF(Q10,"serious")>=1),"LOW", AND(P10 = "MODERATE",COUNTIF(Q10,"Very serious")>=1),"VERY LOW", AND(P10 = "MODERATE",COUNTIF(Q10,"Extremely serious")>=1),"VERY LOW", AND(P10 = "MODERATE",COUNTIF(Q10,"Not serious")>=1),P10, AND(P10 = "LOW",COUNTIF(Q10,"serious")>=1),"VERY LOW", AND(P10 = "LOW",COUNTIF(Q10,"Very serious")>=1),"VERY LOW", AND(P10 = "LOW",COUNTIF(Q10,"Extremely serious")>=1),"VERY LOW", AND(P10 = "LOW",COUNTIF(Q10,"Not serious")>=1),P10, P10 = "VERY LOW", P10),"") -> NA | T10: 1311772.7 | U10: 0.99298472 | V10: 36151857344424472576 | W10: 812.19398 | X10: -3.2892073 | Y10: 995.86612 | Z10: {=INDEX($A$1:$C$500, MATCH(1,($B:$B=$B10)*($C:$C=$AB10),0),1)} -> 1 | AA10: {=INDEX($A$1:$C$500, MATCH(1,($B:$B=$AB10)*($C:$C=$B10),0),1)} -> #N/A | AB10: Plac | AC10: =IF(ISNUMBER(Z10),Z10,AA10) -> 1 | AD10: =IFERROR(INDEX($A$1:$R$500, MATCH(AC10,A:A,0),16),"") -> HIGH | AE10: {=INDEX($A$1:$C$500, MATCH(1,($B:$B=$AB10)*($C:$C=$AG10),0),1)} -> #N/A | AF10: {=INDEX($A$1:$C$500, MATCH(1,($B:$B=$AG10)*($C:$C=$AB10),0),1)} -> #N/A | AH10: =IF(ISNUMBER(AE10),AE10,AF10) -> #N/A | AI10: =IFERROR(INDEX($A$1:$R$500, MATCH(AH10,A:A,0),16),"") | AJ10: {=INDEX($A$1:$C$500, MATCH(1,($B:$B=$C10)*($C:$C=$AG10),0),1)} -> #N/A | AK10: {=INDEX($A$1:$C$500, MATCH(1,($B:$B=$AG10)*($C:$C=$C10),0),1)} -> #N/A | AL10: {=INDEX($A$1:$C$500, MATCH(1,($B:$B=$C10)*($C:$C=$AB10),0),1)} -> 4 | AM10: {=INDEX($A$1:$C$500, MATCH(1,($B:$B=$AB10)*($C:$C=$C10),0),1)} -> #N/A | AN10: {=IFS(ISNUMBER(AJ10),AJ10,ISNUMBER(AK10),AK10,ISNUMBER(AL10),AL10,ISNUMBER(AM10),AM10)} -> 4 | AO10: =IF(ISBLANK(AB10),"",INDEX($A$1:$R$500, MATCH(AN10,$A:$A,0),16)) -> HIGH | AP10: =IF(ISBLANK(AB10),"",iferror(if(or(ifna(AD10,1)=1,ifna(AO10,1)=1),"#N/A",if(countif({AO10,AD10},"VERY LOW")>=1,"VERY LOW",if(countif({AO10,AD10},"LOW")>=1,"LOW",if(countif({AO10,AD10},"MODERATE")>=1,"MODERATE",if(countif({AO10,AD10},"HIGH")>=1,"HIGH","Check manually"))))),"#N/A")) -> HIGH | AQ10: Not serious | AR10: =IF(OR(ISBLANK(AB10),ISBLANK(AQ10)),"",IFS(AND(AP10 = "HIGH",AQ10="Serious"),"MODERATE", AND(AP10 = "HIGH",AQ10="Not serious"),AP10, AND(AP10 = "MODERATE",AQ10="Serious"),"LOW", AND(AP10 = "MODERATE",AQ10 ="Not serious"),AP10, AND(AP10 = "LOW",AQ10="serious"),"VERY LOW", AND(AP10 = "LOW",AQ10="Not serious"),AP10, AND(AP10 = "HIGH",AQ10="Very serious"),"LOW", AND(AP10 = "MODERATE",AQ10="Very serious"),"VERY LOW", AND(AP10 = "LOW",AQ10="Very serious"),"VERY LOW", AP10 = "VERY LOW", AP10)) -> HIGH | AS10: =IFERROR(IF(AND(Preferences!B$3="Manual",OR(AX10/AW10>V10/U10,BD10="Serious",BD10="Very serious")),"Assess imprecision",IFERROR(IFS(AND(Preferences!B$3="Automatic",V10/U10>=30),"Extremely serious",AND(W10<=$D$1*-1,Y10<0,V10/U10<3),"Not Serious",AND(W10<=$D$1*-1,Y10<0,V10/U10>=3),"Very serious",AND(W10>=$D$1,X10>0,V10/U10<3),"Not Serious",AND(W10>=$D$1,X10>0,V10/U10>=3),"Very serious",AND(W10<=$D$1*-1,Y10>0,X10>$D$2*-1,V10/U10<3),"Serious", AND(W10<=$D$1*-1,Y10>0,X10<$D$2*-1,V10/U10<3),"Very serious", AND(W10>=$D$1,X10<0,Y10<$D$2,V10/U10<3),"Serious",AND(W10>=$D$1,X10<0,Y10>$D$2,V10/U10<3),"Very serious", AND(W10<=$D$1*-1,Y10>0,X10>$D$2*-1,V10/U10>=3),"Very serious", AND(W10<=$D$1*-1,Y10>0,X10<$D$2*-1,V10/U10>=3),"Very serious", AND(W10>=$D$1,X10<0,Y10<$D$2,V10/U10>=3),"Very serious", AND(W10>=$D$1,X10<0,Y10>$D$2,V10/U10>=3),"Very serious", AND(W10>$D$1*-1,W10<$D$1,X10>$D$1*-1,Y10<$D$1,V10/U10<3),"Not Serious", AND(W10>$D$1*-1,W10<$D$1,OR(X10<=$D$1*-1,Y10>=$D$1),X10>$D$2*-1,Y10<$D$2,V10/U10<3),"Serious", AND(W10>$D$1*-1,W10<$D$1,OR(X10<=$D$2*-1,Y10>=$D$2),V10/U10<3),"Very serious", AND(W10>$D$1*-1,W10<$D$1,X10>$D$1*-1,Y10<$D$1,V10/U10>=3),"Very serious", AND(W10>$D$1*-1,W10<$D$1,OR(X10<=$D$1*-1,Y10>=$D$1),X10>$D$2*-1,Y10<$D$2,V10/U10>=3),"Very serious", AND(W10>$D$1*-1,W10<$D$1,OR(X10<=$D$2*-1,Y10>=$D$2),V10/U10>=3),"Very serious"),"")),"") -> Extremely serious | AT10: =IFERROR(IFS(T10="NA","NA",AS10="","",AS10="Assess imprecision","", AND(AR10 = "HIGH",COUNTIF(AS10,"serious")>=1),"MODERATE", AND(AR10 = "HIGH",COUNTIF(AS10,"Very serious")>=1),"LOW", AND(AR10 = "HIGH",COUNTIF(AS10,"Extremely serious")>=1),"VERY LOW", AND(AR10 = "HIGH",COUNTIF(AS10,"Not serious")>=1),AR10, AND(AR10 = "MODERATE",COUNTIF(AS10,"serious")>=1),"LOW", AND(AR10 = "MODERATE",COUNTIF(AS10,"Very serious")>=1),"VERY LOW", AND(AR10 = "MODERATE",COUNTIF(AS10,"Extremely serious")>=1),"VERY LOW", AND(AR10 = "MODERATE",COUNTIF(AS10,"Not serious")>=1),AR10, AND(AR10 = "LOW",COUNTIF(AS10,"serious")>=1),"VERY LOW", AND(AR10 = "LOW",COUNTIF(AS10,"Very serious")>=1),"VERY LOW", AND(AR10 = "LOW",COUNTIF(AS10,"Extremely serious")>=1),"VERY LOW", AND(AR10 = "LOW",COUNTIF(AS10,"Not serious")>=1),AR10, AR10 = "VERY LOW", AR10),"") -> VERY LOW | AV10: 1311772.7 | AW10: 0.99298472 | AX10: 36151857344424472576 | AY10: 812.19398 | AZ10: -3.2892073 | BA10: 995.86612 | BB10: =IF(Preferences!B$9="Manual","",IFS(ISBLANK(B10),"",AND(ISNUMBER(E10)=TRUE,ISNUMBER(T10)=FALSE),"Direct", AND(ISNUMBER(E10)=FALSE,ISNUMBER(T10)=TRUE),"Indirect", CN10=4,"Direct",AND(CL10=FALSE, CM10=TRUE,CN10-CO10>-1),"Direct", AND(CL10=FALSE,CM10=TRUE, CN10-CO10<0),"Check algorithm in appendix 2", AND(CL10=TRUE, CM10=FALSE,CN10-CO10>0),"Check algorithm in appendix 2", AND(CL10=TRUE, CM10=FALSE,CN10-CO10=0),"Indirect", AND(CL10=TRUE, CM10=FALSE,CN10-CO10<0),"Indirect", AND(CL10=FALSE,CM10=FALSE,CN10-CO10>-1),"Direct", AND(CL10=FALSE,CM10=FALSE,CN10-CO10<0),"Check algorithm in appendix 2", AND(CL10=TRUE,CM10=TRUE,CN10-CO10>-1),"Direct", AND(CL10=TRUE,CM10=TRUE,CN10-CO10<0),"Check algorithm in appendix 2")) -> Indirect | BC10: =IFS(BB10="Direct",P10,BB10="Indirect",AR10,BB10="","",BB10="Check algorithm in appendix 2","") -> HIGH | BD10: Not serious | BE10: =IF(Preferences!B$3="Manual","", IFERROR(IFS(AND(Preferences!B$3="Automatic",AX10/AW10>=30),"Extremely serious",AND(AY10<=$D$1*-1,BA10<0,AX10/AW10<3),"Not Serious",AND(AY10<=$D$1*-1,BA10<0,AX10/AW10>=3),"Very serious",AND(AY10>=$D$1,AZ10>0,AX10/AW10<3),"Not Serious",AND(AY10>=$D$1,AZ10>0,AX10/AW10>=3),"Very serious",AND(AY10<=$D$1*-1,BA10>0,AZ10>$D$2*-1,AX10/AW10<3),"Serious", AND(AY10<=$D$1*-1,BA10>0,AZ10<$D$2*-1,AX10/AW10<3),"Very serious", AND(AY10>=$D$1,AZ10<0,BA10<$D$2,AX10/AW10<3),"Serious",AND(AY10>=$D$1,AZ10<0,BA10>$D$2,AX10/AW10<3),"Very serious", AND(AY10<=$D$1*-1,BA10>0,AZ10>$D$2*-1,AX10/AW10>=3),"Very serious", AND(AY10<=$D$1*-1,BA10>0,AZ10<$D$2*-1,AX10/AW10>=3),"Very serious", AND(AY10>=$D$1,AZ10<0,BA10<$D$2,AX10/AW10>=3),"Very serious", AND(AY10>=$D$1,AZ10<0,BA10>$D$2,AX10/AW10>=3),"Very serious", AND(AY10>$D$1*-1,AY10<$D$1,AZ10>$D$1*-1,BA10<$D$1,AX10/AW10<3),"Not Serious", AND(AY10>$D$1*-1,AY10<$D$1,OR(AZ10<=$D$1*-1,BA10>=$D$1),AZ10>$D$2*-1,BA10<$D$2,AX10/AW10<3),"Serious", AND(AY10>$D$1*-1,AY10<$D$1,OR(AZ10<=$D$2*-1,BA10>=$D$2),AX10/AW10<3),"Very serious", AND(AY10>$D$1*-1,AY10<$D$1,AZ10>$D$1*-1,BA10<$D$1,AX10/AW10>=3),"Very serious", AND(AY10>$D$1*-1,AY10<$D$1,OR(AZ10<=$D$1*-1,BA10>=$D$1),AZ10>$D$2*-1,BA10<$D$2,AX10/AW10>=3),"Very serious", AND(AY10>$D$1*-1,AY10<$D$1,OR(AZ10<=$D$2*-1,BA10>=$D$2),AX10/AW10>=3),"Very serious"),"")) -> Extremely serious | BF10: =IF(OR(ISBLANK(BD10),AND(BE10<>"Not serious",BE10<>"Serious",BE10<>"Very serious",BE10<>"Extremely serious"),AS10="Assess imprecision",Q10="Assess imprecision"),"",IFERROR(IFS(BJ10-(2*COUNTIF(BD10,"Very serious")) - (2*COUNTIF(BE10,"Very serious"))- countif(BD10,"Serious") - countif(BE10,"Serious") - (3*countif(BE10,"Extremely serious"))=4,"HIGH", BJ10-(2*COUNTIF(BD10,"Very serious")) - (2*COUNTIF(BE10,"Very serious"))- countif(BD10,"Serious") - countif(BE10,"Serious") - (3*countif(BE10,"Extremely serious"))=3,"MODERATE", BJ10-(2*COUNTIF(BD10,"Very serious")) - (2*COUNTIF(BE10,"Very serious"))- countif(BD10,"Serious") - countif(BE10,"Serious") - (3*countif(BE10,"Extremely serious"))=2,"LOW", BJ10-(2*COUNTIF(BD10,"Very serious")) - (2*COUNTIF(BE10,"Very serious"))- countif(BD10,"Serious") - countif(BE10,"Serious") - (3*countif(BE10,"Extremely serious"))<=1,"VERY LOW"),"")) -> VERY LOW | BG10: =IFERROR(IFS(BF10="HIGH","NMA",R10="HIGH","DIRECT",AT10="HIGH","INDIRECT",BF10="MODERATE","NMA",R10="MODERATE","DIRECT",AT10="MODERATE","INDIRECT",BF10="LOW","NMA",R10="LOW","DIRECT",AT10="LOW","INDIRECT",BF10="VERY LOW","NMA",R10="VERY LOW","DIRECT",AT10="VERY LOW","INDIRECT"),"") -> NMA | BH10: =IFS(BG10="NMA",BK10,BG10="Direct",BL10,BG10="Indirect",BM10) -> NO | BI10: =if(OR(AV10<=0.7,AV10>=1.3),iferror(if(AX10/AW10>=2.5,"Prelim Very serious",if(BA10-AZ10>200,"Prelim Very serious","Check manually")),if(isblank(AW10)=TRUE,"",if(AW10=0,"Prelim very serious","Error"))),"Check manually") -> Prelim Very serious | BJ10: =ifs(BC10="HIGH",4,BC10="MODERATE",3,BC10="LOW",2,BC10="VERY LOW",1) -> 4 | BK10: =IF(AND(AW10<1,AX10>1),"NO","YES") -> NO | BL10: =IF(AND(F10<1,G10>1),"NO","YES") -> YES | BM10: =IF(AND(U10<1,V10>1),"NO","YES") -> NO | BN10: =(iferror(ifs(L10="Serious","RoB, ",L10="Very Serious","RoBx2, "),"")&iferror(ifs(M10="Serious","Inconsistency, ",M10="Very Serious","Inconsistencyx2, "),"")&iferror(ifs(N10="Serious","Indirectness, ",N10="Very serious","Indirectnessx2, "),"")&iferror(ifs(O10="Serious","Publication bias, "),"")&iferror(ifs(CH10="Serious","Imprecision, ",CH10="Very Serious","Imprecisionx2, ",CH10="Extremely serious","Imprecisionx3, "),"")&iferror(ifs(CI10="Serious","Incoherence, ",CI10="Very Serious","Incoherencex2, ",CI10="NA","",CI10="Not serious",""),"")) -> Imprecisionx3, | BO10: =(IFERROR(IFS(BU10="RoB","RoB, ",BU10="RoBx2","RoBx2, ",BU10="NA",""),"")&IFERROR(IFS(BY10="RoB","Inconsistency, ",BY10="RoBx2","Inconsistencyx2, ",BY10="NA","")&IFERROR(IFS(CC10="RoB","Indirectness, ",CC10="RoBx2","Indirectnessx2, ",CC10="NA",""),"")&IFERROR(IFS(CG10="RoB","Publication bias, ",CG10="RoBx2","Publication biasx2, ",CG10="NA",""),"")&IFERROR(IFS(CH10="Serious","Imprecision, ",CH10="Very serious","Imprecisionx2, ",CH10="Extremely serious","Imprecisionx3, ",CH10="Not serious",""),"")&IFERROR(IFS(AQ10="Serious","Intransitivity, ",AQ10="Very serious","Intransitivityx2, ",AQ10="NA","",AQ10="Not serious",""),"")&IFERROR(IFS(CI10="Serious","Incoherence, ",CI10="Very serious","Incoherencex2, ",CI10="NA","",CI10="Not serious",""),""))) -> Imprecisionx3, | BP10: =IFS(BB10="Direct",BN10,BB10="Indirect",BO10) -> Imprecisionx3, | BQ10: =IFERROR(LEFT(BP10, LEN(BP10)-2),"") -> Imprecisionx3 | BR10: =IFERROR(INDEX($A$4:$BF506,MATCH($AC10,$A$4:$A506,0),12),"NA") -> Not serious | BS10: =IFERROR(INDEX($A$4:$BF506,MATCH($AH10,$A$4:$A506,0),12),"NA") -> NA | BT10: =IFERROR(INDEX($A$4:$BF506,MATCH($AN10,$A$4:$A506,0),12),"NA") -> Not serious | BU10: =IFS(OR(BR10="Very Serious",BS10 = "Very Serious",BT10 = "Very Serious"), "RoBx2", OR(BR10="Serious",BS10 = "Serious",BT10 = "Serious"),"RoB", AND(BR10="NA",BS10 = "NA",BT10 = "NA"),"NA", OR(BR10="Not Serious",BS10 = "Not Serious",BT10 = "Not Serious"),"NA") -> NA | BV10: =IFERROR(INDEX($A$4:$BF506,MATCH($AC10,$A$4:$A506,0),13),"NA") -> Not serious | BW10: =IFERROR(INDEX($A$4:$BF506,MATCH($AH10,$A$4:$A506,0),13),"NA") -> NA | BX10: =IFERROR(INDEX($A$4:$BF506,MATCH($AN10,$A$4:$A506,0),13),"NA") -> Not serious | BY10: =IFS(OR(BV10="Very Serious",BW10 = "Very Serious",BX10 = "Very Serious"), "RoBx2", OR(BV10="Serious",BW10 = "Serious",BX10 = "Serious"),"RoB", AND(BV10="NA",BW10 = "NA",BX10 = "NA"),"NA", OR(BV10="Not Serious",BW10 = "Not Serious",BX10 = "Not Serious"),"NA") -> NA | BZ10: =IFERROR(INDEX($A$4:$BF506,MATCH($AC10,$A$4:$A506,0),14),"NA") -> Not serious | CA10: =IFERROR(INDEX($A$4:$BF506,MATCH($AH10,$A$4:$A506,0),14),"NA") -> NA | CB10: =IFERROR(INDEX($A$4:$BF506,MATCH($AN10,$A$4:$A506,0),14),"NA") -> Not serious | CC10: =IFS(OR(BZ10="Very Serious",CA10 = "Very Serious",CB10 = "Very Serious"), "RoBx2", OR(BZ10="Serious",CA10 = "Serious",CB10 = "Serious"),"RoB", AND(BZ10="NA",CA10 = "NA",CB10 = "NA"),"NA", OR(BZ10="Not Serious",CA10 = "Not Serious",CB10 = "Not Serious"),"NA") -> NA | CD10: =IFERROR(INDEX($A$4:$BF506,MATCH($AC10,$A$4:$A506,0),15),"NA") -> Not serious | CE10: =IFERROR(INDEX($A$4:$BF506,MATCH($AH10,$A$4:$A506,0),15),"NA") -> NA | CF10: =IFERROR(INDEX($A$4:$BF506,MATCH($AN10,$A$4:$A506,0),15),"NA") -> Not serious | CG10: =IFS(OR(CD10="Very Serious",CE10 = "Very Serious",CF10 = "Very Serious"), "RoBx2", OR(CD10="Serious",CE10 = "Serious",CF10 = "Serious"),"RoB", AND(CD10="NA",CE10 = "NA",CF10 = "NA"),"NA", OR(CD10="Not Serious",CE10 = "Not Serious",CF10 = "Not Serious"),"NA") -> NA | CH10: =IFS(BG10="NMA",BE10,BG10="Direct",Q10,BG10="Indirect",AS10) -> Extremely serious | CI10: =IFS(BG10="NMA",BD10,BG10="Direct","NA",BG10="Indirect","NA") -> Not serious | CJ10: =if(count(AV10:BA10)=6,if(abs(AY10)>=$D$1, if(AY10>0,if(OR(AZ10<0,BA10<0),if(and(BA10>$D$2,AZ10<$D$1),"2x, RD CIs very wide: Large harm to trivial effect or more","1x, RD CIs wide: crosses 0"),if(OR(AV10>=1.3,AV10<=0.7), if(and(count(AW10)=1,count(AX10)=1),if(round(AX10/AW10,2)>=2.5,"Wide OR CI: OIS not met","No serious imprecision"),"ERROR: check cell"),"No serious imprecision")),if(OR(AZ10>=0,BA10>=0),if(and(AZ10<(-1*$D$2),BA10>(-1*$D$1)),"2x, RD CIs very wide: Large benefit to trivial effect or more","1x, RD CIs wide: crosses 0"),if(OR(AV10>=1.3,AV10<=0.7), if(and(count(AW10)=1,count(AX10)=1),if(round(AX10/AW10,2)>=2.5,"Wide OR CI: OIS not met","No serious imprecision"),"ERROR: check cell"),"No serious imprecision"))),if(AY10>0,if(OR(AZ10<(-1*$D$1),BA10>$D$1),if(and(BA10>$D$2,AZ10<$D$1),"2x, RD CIs very wide: Large harm to trivial effect or more","1x, RD CIs wide: crosses MID"),if(OR(AV10>=1.3,AV10<=0.7), if(and(count(AW10)=1,count(AX10)=1),if(round(AX10/AW10,2)>=2.5,"Wide OR CI: OIS not met","No serious imprecision"),"ERROR: check cell"),"No serious imprecision")),if(OR(AZ10<=(-1*$D$1),BA10>=$D$1),if(and(AZ10<(-1*$D$2),BA10>(-1*$D$1)),"2x, RD CIs very wide: Large benefit to trivial effect or more","1x, RD CIs wide: crosses MID"),if(OR(AV10>=1.3,AV10<=0.7), if(and(count(AW10)=1,count(AX10)=1),if(round(AX10/AW10,2)>=2.5,"Wide OR CI: OIS not met","No serious imprecision"),"ERROR: check cell"),"No serious imprecision")))),"ERROR: check cell") -> ERROR: check cell | CK10: =if(AND(T10<1=TRUE,E10<1=TRUE)=TRUE,if(OR(AND(V10>G10=TRUE,G10>U10=TRUE),AND(G10>V10=TRUE,V10>F10=TRUE)=TRUE)=TRUE,"No serious incoherence","Quantitative incoherence (same direction of effect)"),if(AND(T10>1=TRUE,E10>1=TRUE)=TRUE,if(OR(AND(V10>G10=TRUE,G10>U10=TRUE),AND(G10>V10=TRUE,V10>F10=TRUE)=TRUE)=TRUE,"No serious incoherence","Quantitative incoherence (same direction of effect)"),if(OR(AND(T10<1=TRUE,E10>1=TRUE)=TRUE,AND(T10>1=TRUE,E10<1=TRUE)=TRUE)=TRUE,if(OR(AND(V10>G10=TRUE,G10>U10=TRUE),AND(G10>V10=TRUE,V10>F10=TRUE)=TRUE)=TRUE,"No serious incoherence","Qualitative incoherence (different direction of effect)")))) -> Quantitative incoherence (same direction of effect) | CL10: =AND(OR(AX10/G10<0.9,AX10/G10>1.1),OR(AW10/F10<0.9,AW10/F10>1.1)) -> #VALUE! | CM10: =AND(OR(AX10/V10<0.9,AX10/V10>1.1),OR(AW10/U10<0.9,AW10/U10>1.1)) -> FALSE | CN10: =(4-(3*COUNTIF(P10,"VERY LOW"))-2*countif(P10,"LOW")-1*countif(P10,"MODERATE")) -> 4 | CO10: =(4-(3*COUNTIF(AR10,"VERY LOW"))-2*countif(AR10,"LOW")-1*countif(AR10,"MODERATE")) -> 4 | CP10: =IFS(C10=Preferences!B$13,B10,B10=Preferences!B$13,C10) -> #N/A
A11: =IF(ISBLANK(B11),"",A10+1) -> 8 | B11: B | C11: C | E11: 3.1280704 | F11: 1.0673499 | G11: 9.4940355 | H11: 59.9 | I11: 20.5 | J11: 181.7 | L11: Not serious | M11: Not serious | N11: Not serious | O11: Not serious | P11: =IF(OR(ISBLANK(L11),ISBLANK(M11),ISBLANK(N11),ISBLANK(O11)),"",if(OR(iserror(L11)=TRUE,iferror(L11="NA","NA")),"NA",ifs(4-(2*COUNTIF(L11:O11,"Very serious"))-countif(L11:O11,"Serious")=4,"HIGH",4-(2*COUNTIF(L11:O11,"Very serious"))-countif(L11:O11,"Serious")=3,"MODERATE",4-(2*COUNTIF(L11:O11,"Very serious"))-countif(L11:O11,"Serious")=2,"LOW",4-(2*COUNTIF(L11:O11,"Very serious"))-countif(L11:O11,"Serious")<=1,"VERY LOW"))) -> HIGH | Q11: =IFERROR(IF(AND(Preferences!B$3="Manual",OR(AX11/AW11>G11/F11,BD11="Serious",BD11="Very serious")),"Assess imprecision",IFS(ISBLANK(E11),"",AND(Preferences!B$3="Automatic", G11/F11>=30),"Extremely serious",AND(H11<=$D$1*-1,J11<0,G11/F11<3),"Not serious",AND(H11<=$D$1*-1,J11<0,G11/F11>=3),"Very serious",AND(H11>=$D$1,I11>0,G11/F11<3),"Not serious",AND(H11>=$D$1,I11>0,G11/F11>=3),"Very serious",AND(H11<=$D$1*-1,J11>0,I11>$D$2*-1,G11/F11<3),"Serious", AND(H11<=$D$1*-1,J11>0,I11<$D$2*-1,G11/F11<3),"Very serious", AND(H11>=$D$1,I11<0,J11<$D$2,G11/F11<3),"Serious",AND(H11>=$D$1,I11<0,J11>$D$2,G11/F11<3),"Very serious", AND(H11<=$D$1*-1,J11>0,I11>$D$2*-1,G11/F11>=3),"Very serious", AND(H11<=$D$1*-1,J11>0,I11<$D$2*-1,G11/F11>=3),"Very serious", AND(H11>=$D$1,I11<0,J11<$D$2,G11/F11>=3),"Very serious", AND(H11>=$D$1,I11<0,J11>$D$2,G11/F11>=3),"Very serious", AND(H11>$D$1*-1,H11<$D$1,I11>$D$1*-1,J11<$D$1,G11/F11<3),"Not serious", AND(H11>$D$1*-1,H11<$D$1,OR(I11<=$D$1*-1,J11>=$D$1),I11>$D$2*-1,J11<$D$2,G11/F11<3),"Serious", AND(H11>$D$1*-1,H11<$D$1,OR(I11<=$D$2*-1,J11>=$D$2),G11/F11<3),"Very serious", AND(H11>$D$1*-1,H11<$D$1,I11>$D$1*-1,J11<$D$1,G11/F11>=3),"Very serious", AND(H11>$D$1*-1,H11<$D$1,OR(I11<=$D$1*-1,J11>=$D$1),I11>$D$2*-1,J11<$D$2,G11/F11>=3),"Very serious", AND(H11>$D$1*-1,H11<$D$1,OR(I11<=$D$2*-1,J11>=$D$2),G11/F11>=3),"Very serious")),"") -> Very serious | R11: =IFERROR(IFS(E11="NA","NA", AND(P11 = "HIGH",COUNTIF(Q11,"serious")>=1),"MODERATE", AND(P11 = "HIGH",COUNTIF(Q11,"Very serious")>=1),"LOW", AND(P11 = "HIGH",COUNTIF(Q11,"Extremely serious")>=1),"VERY LOW", AND(P11 = "HIGH",COUNTIF(Q11,"Not serious")>=1),P11, AND(P11 = "MODERATE",COUNTIF(Q11,"serious")>=1),"LOW", AND(P11 = "MODERATE",COUNTIF(Q11,"Very serious")>=1),"VERY LOW", AND(P11 = "MODERATE",COUNTIF(Q11,"Extremely serious")>=1),"VERY LOW", AND(P11 = "MODERATE",COUNTIF(Q11,"Not serious")>=1),P11, AND(P11 = "LOW",COUNTIF(Q11,"serious")>=1),"VERY LOW", AND(P11 = "LOW",COUNTIF(Q11,"Very serious")>=1),"VERY LOW", AND(P11 = "LOW",COUNTIF(Q11,"Extremely serious")>=1),"VERY LOW", AND(P11 = "LOW",COUNTIF(Q11,"Not serious")>=1),P11, P11 = "VERY LOW", P11),"") -> LOW | T11: 2.2670868 | U11: 0.54324709 | V11: 10.086665 | W11: 28.9 | X11: -10 | Y11: 130 | Z11: {=INDEX($A$1:$C$500, MATCH(1,($B:$B=$B11)*($C:$C=$AB11),0),1)} -> 2 | AA11: {=INDEX($A$1:$C$500, MATCH(1,($B:$B=$AB11)*($C:$C=$B11),0),1)} -> #N/A | AB11: Plac | AC11: =IF(ISNUMBER(Z11),Z11,AA11) -> 2 | AD11: =IFERROR(INDEX($A$1:$R$500, MATCH(AC11,A:A,0),16),"") -> MODERATE | AE11: {=INDEX($A$1:$C$500, MATCH(1,($B:$B=$AB11)*($C:$C=$AG11),0),1)} -> #N/A | AF11: {=INDEX($A$1:$C$500, MATCH(1,($B:$B=$AG11)*($C:$C=$AB11),0),1)} -> #N/A | AH11: =IF(ISNUMBER(AE11),AE11,AF11) -> #N/A | AI11: =IFERROR(INDEX($A$1:$R$500, MATCH(AH11,A:A,0),16),"") | AJ11: {=INDEX($A$1:$C$500, MATCH(1,($B:$B=$C11)*($C:$C=$AG11),0),1)} -> #N/A | AK11: {=INDEX($A$1:$C$500, MATCH(1,($B:$B=$AG11)*($C:$C=$C11),0),1)} -> #N/A | AL11: {=INDEX($A$1:$C$500, MATCH(1,($B:$B=$C11)*($C:$C=$AB11),0),1)} -> 3 | AM11: {=INDEX($A$1:$C$500, MATCH(1,($B:$B=$AB11)*($C:$C=$C11),0),1)} -> #N/A | AN11: {=IFS(ISNUMBER(AJ11),AJ11,ISNUMBER(AK11),AK11,ISNUMBER(AL11),AL11,ISNUMBER(AM11),AM11)} -> 3 | AO11: =IF(ISBLANK(AB11),"",INDEX($A$1:$R$500, MATCH(AN11,$A:$A,0),16)) -> MODERATE | AP11: =IF(ISBLANK(AB11),"",iferror(if(or(ifna(AD11,1)=1,ifna(AO11,1)=1),"#N/A",if(countif({AO11,AD11},"VERY LOW")>=1,"VERY LOW",if(countif({AO11,AD11},"LOW")>=1,"LOW",if(countif({AO11,AD11},"MODERATE")>=1,"MODERATE",if(countif({AO11,AD11},"HIGH")>=1,"HIGH","Check manually"))))),"#N/A")) -> MODERATE | AQ11: Not serious | AR11: =IF(OR(ISBLANK(AB11),ISBLANK(AQ11)),"",IFS(AND(AP11 = "HIGH",AQ11="Serious"),"MODERATE", AND(AP11 = "HIGH",AQ11="Not serious"),AP11, AND(AP11 = "MODERATE",AQ11="Serious"),"LOW", AND(AP11 = "MODERATE",AQ11 ="Not serious"),AP11, AND(AP11 = "LOW",AQ11="serious"),"VERY LOW", AND(AP11 = "LOW",AQ11="Not serious"),AP11, AND(AP11 = "HIGH",AQ11="Very serious"),"LOW", AND(AP11 = "MODERATE",AQ11="Very serious"),"VERY LOW", AND(AP11 = "LOW",AQ11="Very serious"),"VERY LOW", AP11 = "VERY LOW", AP11)) -> MODERATE | AS11: =IFERROR(IF(AND(Preferences!B$3="Manual",OR(AX11/AW11>V11/U11,BD11="Serious",BD11="Very serious")),"Assess imprecision",IFERROR(IFS(AND(Preferences!B$3="Automatic",V11/U11>=30),"Extremely serious",AND(W11<=$D$1*-1,Y11<0,V11/U11<3),"Not Serious",AND(W11<=$D$1*-1,Y11<0,V11/U11>=3),"Very serious",AND(W11>=$D$1,X11>0,V11/U11<3),"Not Serious",AND(W11>=$D$1,X11>0,V11/U11>=3),"Very serious",AND(W11<=$D$1*-1,Y11>0,X11>$D$2*-1,V11/U11<3),"Serious", AND(W11<=$D$1*-1,Y11>0,X11<$D$2*-1,V11/U11<3),"Very serious", AND(W11>=$D$1,X11<0,Y11<$D$2,V11/U11<3),"Serious",AND(W11>=$D$1,X11<0,Y11>$D$2,V11/U11<3),"Very serious", AND(W11<=$D$1*-1,Y11>0,X11>$D$2*-1,V11/U11>=3),"Very serious", AND(W11<=$D$1*-1,Y11>0,X11<$D$2*-1,V11/U11>=3),"Very serious", AND(W11>=$D$1,X11<0,Y11<$D$2,V11/U11>=3),"Very serious", AND(W11>=$D$1,X11<0,Y11>$D$2,V11/U11>=3),"Very serious", AND(W11>$D$1*-1,W11<$D$1,X11>$D$1*-1,Y11<$D$1,V11/U11<3),"Not Serious", AND(W11>$D$1*-1,W11<$D$1,OR(X11<=$D$1*-1,Y11>=$D$1),X11>$D$2*-1,Y11<$D$2,V11/U11<3),"Serious", AND(W11>$D$1*-1,W11<$D$1,OR(X11<=$D$2*-1,Y11>=$D$2),V11/U11<3),"Very serious", AND(W11>$D$1*-1,W11<$D$1,X11>$D$1*-1,Y11<$D$1,V11/U11>=3),"Very serious", AND(W11>$D$1*-1,W11<$D$1,OR(X11<=$D$1*-1,Y11>=$D$1),X11>$D$2*-1,Y11<$D$2,V11/U11>=3),"Very serious", AND(W11>$D$1*-1,W11<$D$1,OR(X11<=$D$2*-1,Y11>=$D$2),V11/U11>=3),"Very serious"),"")),"") -> Very serious | AT11: =IFERROR(IFS(T11="NA","NA",AS11="","",AS11="Assess imprecision","", AND(AR11 = "HIGH",COUNTIF(AS11,"serious")>=1),"MODERATE", AND(AR11 = "HIGH",COUNTIF(AS11,"Very serious")>=1),"LOW", AND(AR11 = "HIGH",COUNTIF(AS11,"Extremely serious")>=1),"VERY LOW", AND(AR11 = "HIGH",COUNTIF(AS11,"Not serious")>=1),AR11, AND(AR11 = "MODERATE",COUNTIF(AS11,"serious")>=1),"LOW", AND(AR11 = "MODERATE",COUNTIF(AS11,"Very serious")>=1),"VERY LOW", AND(AR11 = "MODERATE",COUNTIF(AS11,"Extremely serious")>=1),"VERY LOW", AND(AR11 = "MODERATE",COUNTIF(AS11,"Not serious")>=1),AR11, AND(AR11 = "LOW",COUNTIF(AS11,"serious")>=1),"VERY LOW", AND(AR11 = "LOW",COUNTIF(AS11,"Very serious")>=1),"VERY LOW", AND(AR11 = "LOW",COUNTIF(AS11,"Extremely serious")>=1),"VERY LOW", AND(AR11 = "LOW",COUNTIF(AS11,"Not serious")>=1),AR11, AR11 = "VERY LOW", AR11),"") -> VERY LOW | AV11: 2.9955864 | AW11: 1.4480532 | AX11: 6.4966717 | AY11: 34.079562 | AZ11: 7.2659676 | BA11: 80.287732 | BB11: =IF(Preferences!B$9="Manual","",IFS(ISBLANK(B11),"",AND(ISNUMBER(E11)=TRUE,ISNUMBER(T11)=FALSE),"Direct", AND(ISNUMBER(E11)=FALSE,ISNUMBER(T11)=TRUE),"Indirect", CN11=4,"Direct",AND(CL11=FALSE, CM11=TRUE,CN11-CO11>-1),"Direct", AND(CL11=FALSE,CM11=TRUE, CN11-CO11<0),"Check algorithm in appendix 2", AND(CL11=TRUE, CM11=FALSE,CN11-CO11>0),"Check algorithm in appendix 2", AND(CL11=TRUE, CM11=FALSE,CN11-CO11=0),"Indirect", AND(CL11=TRUE, CM11=FALSE,CN11-CO11<0),"Indirect", AND(CL11=FALSE,CM11=FALSE,CN11-CO11>-1),"Direct", AND(CL11=FALSE,CM11=FALSE,CN11-CO11<0),"Check algorithm in appendix 2", AND(CL11=TRUE,CM11=TRUE,CN11-CO11>-1),"Direct", AND(CL11=TRUE,CM11=TRUE,CN11-CO11<0),"Check algorithm in appendix 2")) -> Direct | BC11: =IFS(BB11="Direct",P11,BB11="Indirect",AR11,BB11="","",BB11="Check algorithm in appendix 2","") -> HIGH | BD11: Not serious | BE11: =IF(Preferences!B$3="Manual","", IFERROR(IFS(AND(Preferences!B$3="Automatic",AX11/AW11>=30),"Extremely serious",AND(AY11<=$D$1*-1,BA11<0,AX11/AW11<3),"Not Serious",AND(AY11<=$D$1*-1,BA11<0,AX11/AW11>=3),"Very serious",AND(AY11>=$D$1,AZ11>0,AX11/AW11<3),"Not Serious",AND(AY11>=$D$1,AZ11>0,AX11/AW11>=3),"Very serious",AND(AY11<=$D$1*-1,BA11>0,AZ11>$D$2*-1,AX11/AW11<3),"Serious", AND(AY11<=$D$1*-1,BA11>0,AZ11<$D$2*-1,AX11/AW11<3),"Very serious", AND(AY11>=$D$1,AZ11<0,BA11<$D$2,AX11/AW11<3),"Serious",AND(AY11>=$D$1,AZ11<0,BA11>$D$2,AX11/AW11<3),"Very serious", AND(AY11<=$D$1*-1,BA11>0,AZ11>$D$2*-1,AX11/AW11>=3),"Very serious", AND(AY11<=$D$1*-1,BA11>0,AZ11<$D$2*-1,AX11/AW11>=3),"Very serious", AND(AY11>=$D$1,AZ11<0,BA11<$D$2,AX11/AW11>=3),"Very serious", AND(AY11>=$D$1,AZ11<0,BA11>$D$2,AX11/AW11>=3),"Very serious", AND(AY11>$D$1*-1,AY11<$D$1,AZ11>$D$1*-1,BA11<$D$1,AX11/AW11<3),"Not Serious", AND(AY11>$D$1*-1,AY11<$D$1,OR(AZ11<=$D$1*-1,BA11>=$D$1),AZ11>$D$2*-1,BA11<$D$2,AX11/AW11<3),"Serious", AND(AY11>$D$1*-1,AY11<$D$1,OR(AZ11<=$D$2*-1,BA11>=$D$2),AX11/AW11<3),"Very serious", AND(AY11>$D$1*-1,AY11<$D$1,AZ11>$D$1*-1,BA11<$D$1,AX11/AW11>=3),"Very serious", AND(AY11>$D$1*-1,AY11<$D$1,OR(AZ11<=$D$1*-1,BA11>=$D$1),AZ11>$D$2*-1,BA11<$D$2,AX11/AW11>=3),"Very serious", AND(AY11>$D$1*-1,AY11<$D$1,OR(AZ11<=$D$2*-1,BA11>=$D$2),AX11/AW11>=3),"Very serious"),"")) -> Very serious | BF11: =IF(OR(ISBLANK(BD11),AND(BE11<>"Not serious",BE11<>"Serious",BE11<>"Very serious",BE11<>"Extremely serious"),AS11="Assess imprecision",Q11="Assess imprecision"),"",IFERROR(IFS(BJ11-(2*COUNTIF(BD11,"Very serious")) - (2*COUNTIF(BE11,"Very serious"))- countif(BD11,"Serious") - countif(BE11,"Serious") - (3*countif(BE11,"Extremely serious"))=4,"HIGH", BJ11-(2*COUNTIF(BD11,"Very serious")) - (2*COUNTIF(BE11,"Very serious"))- countif(BD11,"Serious") - countif(BE11,"Serious") - (3*countif(BE11,"Extremely serious"))=3,"MODERATE", BJ11-(2*COUNTIF(BD11,"Very serious")) - (2*COUNTIF(BE11,"Very serious"))- countif(BD11,"Serious") - countif(BE11,"Serious") - (3*countif(BE11,"Extremely serious"))=2,"LOW", BJ11-(2*COUNTIF(BD11,"Very serious")) - (2*COUNTIF(BE11,"Very serious"))- countif(BD11,"Serious") - countif(BE11,"Serious") - (3*countif(BE11,"Extremely serious"))<=1,"VERY LOW"),"")) -> LOW | BG11: =IFERROR(IFS(BF11="HIGH","NMA",R11="HIGH","DIRECT",AT11="HIGH","INDIRECT",BF11="MODERATE","NMA",R11="MODERATE","DIRECT",AT11="MODERATE","INDIRECT",BF11="LOW","NMA",R11="LOW","DIRECT",AT11="LOW","INDIRECT",BF11="VERY LOW","NMA",R11="VERY LOW","DIRECT",AT11="VERY LOW","INDIRECT"),"") -> NMA | BH11: =IFS(BG11="NMA",BK11,BG11="Direct",BL11,BG11="Indirect",BM11) -> YES | BI11: =if(OR(AV11<=0.7,AV11>=1.3),iferror(if(AX11/AW11>=2.5,"Prelim Very serious",if(BA11-AZ11>200,"Prelim Very serious","Check manually")),if(isblank(AW11)=TRUE,"",if(AW11=0,"Prelim very serious","Error"))),"Check manually") -> Prelim Very serious | BJ11: =ifs(BC11="HIGH",4,BC11="MODERATE",3,BC11="LOW",2,BC11="VERY LOW",1) -> 4 | BK11: =IF(AND(AW11<1,AX11>1),"NO","YES") -> YES | BL11: =IF(AND(F11<1,G11>1),"NO","YES") -> YES | BM11: =IF(AND(U11<1,V11>1),"NO","YES") -> NO | BN11: =(iferror(ifs(L11="Serious","RoB, ",L11="Very Serious","RoBx2, "),"")&iferror(ifs(M11="Serious","Inconsistency, ",M11="Very Serious","Inconsistencyx2, "),"")&iferror(ifs(N11="Serious","Indirectness, ",N11="Very serious","Indirectnessx2, "),"")&iferror(ifs(O11="Serious","Publication bias, "),"")&iferror(ifs(CH11="Serious","Imprecision, ",CH11="Very Serious","Imprecisionx2, ",CH11="Extremely serious","Imprecisionx3, "),"")&iferror(ifs(CI11="Serious","Incoherence, ",CI11="Very Serious","Incoherencex2, ",CI11="NA","",CI11="Not serious",""),"")) -> Imprecisionx2, | BO11: =(IFERROR(IFS(BU11="RoB","RoB, ",BU11="RoBx2","RoBx2, ",BU11="NA",""),"")&IFERROR(IFS(BY11="RoB","Inconsistency, ",BY11="RoBx2","Inconsistencyx2, ",BY11="NA","")&IFERROR(IFS(CC11="RoB","Indirectness, ",CC11="RoBx2","Indirectnessx2, ",CC11="NA",""),"")&IFERROR(IFS(CG11="RoB","Publication bias, ",CG11="RoBx2","Publication biasx2, ",CG11="NA",""),"")&IFERROR(IFS(CH11="Serious","Imprecision, ",CH11="Very serious","Imprecisionx2, ",CH11="Extremely serious","Imprecisionx3, ",CH11="Not serious",""),"")&IFERROR(IFS(AQ11="Serious","Intransitivity, ",AQ11="Very serious","Intransitivityx2, ",AQ11="NA","",AQ11="Not serious",""),"")&IFERROR(IFS(CI11="Serious","Incoherence, ",CI11="Very serious","Incoherencex2, ",CI11="NA","",CI11="Not serious",""),""))) -> RoB, Imprecisionx2, | BP11: =IFS(BB11="Direct",BN11,BB11="Indirect",BO11) -> Imprecisionx2, | BQ11: =IFERROR(LEFT(BP11, LEN(BP11)-2),"") -> Imprecisionx2 | BR11: =IFERROR(INDEX($A$4:$BF507,MATCH($AC11,$A$4:$A507,0),12),"NA") -> Serious | BS11: =IFERROR(INDEX($A$4:$BF507,MATCH($AH11,$A$4:$A507,0),12),"NA") -> NA | BT11: =IFERROR(INDEX($A$4:$BF507,MATCH($AN11,$A$4:$A507,0),12),"NA") -> Serious | BU11: =IFS(OR(BR11="Very Serious",BS11 = "Very Serious",BT11 = "Very Serious"), "RoBx2", OR(BR11="Serious",BS11 = "Serious",BT11 = "Serious"),"RoB", AND(BR11="NA",BS11 = "NA",BT11 = "NA"),"NA", OR(BR11="Not Serious",BS11 = "Not Serious",BT11 = "Not Serious"),"NA") -> RoB | BV11: =IFERROR(INDEX($A$4:$BF507,MATCH($AC11,$A$4:$A507,0),13),"NA") -> Not serious | BW11: =IFERROR(INDEX($A$4:$BF507,MATCH($AH11,$A$4:$A507,0),13),"NA") -> NA | BX11: =IFERROR(INDEX($A$4:$BF507,MATCH($AN11,$A$4:$A507,0),13),"NA") -> Not serious | BY11: =IFS(OR(BV11="Very Serious",BW11 = "Very Serious",BX11 = "Very Serious"), "RoBx2", OR(BV11="Serious",BW11 = "Serious",BX11 = "Serious"),"RoB", AND(BV11="NA",BW11 = "NA",BX11 = "NA"),"NA", OR(BV11="Not Serious",BW11 = "Not Serious",BX11 = "Not Serious"),"NA") -> NA | BZ11: =IFERROR(INDEX($A$4:$BF507,MATCH($AC11,$A$4:$A507,0),14),"NA") -> Not serious | CA11: =IFERROR(INDEX($A$4:$BF507,MATCH($AH11,$A$4:$A507,0),14),"NA") -> NA | CB11: =IFERROR(INDEX($A$4:$BF507,MATCH($AN11,$A$4:$A507,0),14),"NA") -> Not serious | CC11: =IFS(OR(BZ11="Very Serious",CA11 = "Very Serious",CB11 = "Very Serious"), "RoBx2", OR(BZ11="Serious",CA11 = "Serious",CB11 = "Serious"),"RoB", AND(BZ11="NA",CA11 = "NA",CB11 = "NA"),"NA", OR(BZ11="Not Serious",CA11 = "Not Serious",CB11 = "Not Serious"),"NA") -> NA | CD11: =IFERROR(INDEX($A$4:$BF507,MATCH($AC11,$A$4:$A507,0),15),"NA") -> Not serious | CE11: =IFERROR(INDEX($A$4:$BF507,MATCH($AH11,$A$4:$A507,0),15),"NA") -> NA | CF11: =IFERROR(INDEX($A$4:$BF507,MATCH($AN11,$A$4:$A507,0),15),"NA") -> Not serious | CG11: =IFS(OR(CD11="Very Serious",CE11 = "Very Serious",CF11 = "Very Serious"), "RoBx2", OR(CD11="Serious",CE11 = "Serious",CF11 = "Serious"),"RoB", AND(CD11="NA",CE11 = "NA",CF11 = "NA"),"NA", OR(CD11="Not Serious",CE11 = "Not Serious",CF11 = "Not Serious"),"NA") -> NA | CH11: =IFS(BG11="NMA",BE11,BG11="Direct",Q11,BG11="Indirect",AS11) -> Very serious | CI11: =IFS(BG11="NMA",BD11,BG11="Direct","NA",BG11="Indirect","NA") -> Not serious | CJ11: =if(count(AV11:BA11)=6,if(abs(AY11)>=$D$1, if(AY11>0,if(OR(AZ11<0,BA11<0),if(and(BA11>$D$2,AZ11<$D$1),"2x, RD CIs very wide: Large harm to trivial effect or more","1x, RD CIs wide: crosses 0"),if(OR(AV11>=1.3,AV11<=0.7), if(and(count(AW11)=1,count(AX11)=1),if(round(AX11/AW11,2)>=2.5,"Wide OR CI: OIS not met","No serious imprecision"),"ERROR: check cell"),"No serious imprecision")),if(OR(AZ11>=0,BA11>=0),if(and(AZ11<(-1*$D$2),BA11>(-1*$D$1)),"2x, RD CIs very wide: Large benefit to trivial effect or more","1x, RD CIs wide: crosses 0"),if(OR(AV11>=1.3,AV11<=0.7), if(and(count(AW11)=1,count(AX11)=1),if(round(AX11/AW11,2)>=2.5,"Wide OR CI: OIS not met","No serious imprecision"),"ERROR: check cell"),"No serious imprecision"))),if(AY11>0,if(OR(AZ11<(-1*$D$1),BA11>$D$1),if(and(BA11>$D$2,AZ11<$D$1),"2x, RD CIs very wide: Large harm to trivial effect or more","1x, RD CIs wide: crosses MID"),if(OR(AV11>=1.3,AV11<=0.7), if(and(count(AW11)=1,count(AX11)=1),if(round(AX11/AW11,2)>=2.5,"Wide OR CI: OIS not met","No serious imprecision"),"ERROR: check cell"),"No serious imprecision")),if(OR(AZ11<=(-1*$D$1),BA11>=$D$1),if(and(AZ11<(-1*$D$2),BA11>(-1*$D$1)),"2x, RD CIs very wide: Large benefit to trivial effect or more","1x, RD CIs wide: crosses MID"),if(OR(AV11>=1.3,AV11<=0.7), if(and(count(AW11)=1,count(AX11)=1),if(round(AX11/AW11,2)>=2.5,"Wide OR CI: OIS not met","No serious imprecision"),"ERROR: check cell"),"No serious imprecision")))),"ERROR: check cell") -> Wide OR CI: OIS not met | CL11: =AND(OR(AX11/G11<0.9,AX11/G11>1.1),OR(AW11/F11<0.9,AW11/F11>1.1)) -> TRUE | CM11: =AND(OR(AX11/V11<0.9,AX11/V11>1.1),OR(AW11/U11<0.9,AW11/U11>1.1)) -> TRUE | CN11: =(4-(3*COUNTIF(P11,"VERY LOW"))-2*countif(P11,"LOW")-1*countif(P11,"MODERATE")) -> 4 | CO11: =(4-(3*COUNTIF(AR11,"VERY LOW"))-2*countif(AR11,"LOW")-1*countif(AR11,"MODERATE")) -> 3 | CP11: =IFS(C11=Preferences!B$13,B11,B11=Preferences!B$13,C11) -> #N/A
A12: =IF(ISBLANK(B12),"",A11+1) -> 9 | B12: B | C12: D | E12: NA | F12: NA | G12: NA | H12: NA | I12: NA | J12: NA | P12: =IF(OR(ISBLANK(L12),ISBLANK(M12),ISBLANK(N12),ISBLANK(O12)),"",if(OR(iserror(L12)=TRUE,iferror(L12="NA","NA")),"NA",ifs(4-(2*COUNTIF(L12:O12,"Very serious"))-countif(L12:O12,"Serious")=4,"HIGH",4-(2*COUNTIF(L12:O12,"Very serious"))-countif(L12:O12,"Serious")=3,"MODERATE",4-(2*COUNTIF(L12:O12,"Very serious"))-countif(L12:O12,"Serious")=2,"LOW",4-(2*COUNTIF(L12:O12,"Very serious"))-countif(L12:O12,"Serious")<=1,"VERY LOW"))) | Q12: =IFERROR(IF(AND(Preferences!B$3="Manual",OR(AX12/AW12>G12/F12,BD12="Serious",BD12="Very serious")),"Assess imprecision",IFS(ISBLANK(E12),"",AND(Preferences!B$3="Automatic", G12/F12>=30),"Extremely serious",AND(H12<=$D$1*-1,J12<0,G12/F12<3),"Not serious",AND(H12<=$D$1*-1,J12<0,G12/F12>=3),"Very serious",AND(H12>=$D$1,I12>0,G12/F12<3),"Not serious",AND(H12>=$D$1,I12>0,G12/F12>=3),"Very serious",AND(H12<=$D$1*-1,J12>0,I12>$D$2*-1,G12/F12<3),"Serious", AND(H12<=$D$1*-1,J12>0,I12<$D$2*-1,G12/F12<3),"Very serious", AND(H12>=$D$1,I12<0,J12<$D$2,G12/F12<3),"Serious",AND(H12>=$D$1,I12<0,J12>$D$2,G12/F12<3),"Very serious", AND(H12<=$D$1*-1,J12>0,I12>$D$2*-1,G12/F12>=3),"Very serious", AND(H12<=$D$1*-1,J12>0,I12<$D$2*-1,G12/F12>=3),"Very serious", AND(H12>=$D$1,I12<0,J12<$D$2,G12/F12>=3),"Very serious", AND(H12>=$D$1,I12<0,J12>$D$2,G12/F12>=3),"Very serious", AND(H12>$D$1*-1,H12<$D$1,I12>$D$1*-1,J12<$D$1,G12/F12<3),"Not serious", AND(H12>$D$1*-1,H12<$D$1,OR(I12<=$D$1*-1,J12>=$D$1),I12>$D$2*-1,J12<$D$2,G12/F12<3),"Serious", AND(H12>$D$1*-1,H12<$D$1,OR(I12<=$D$2*-1,J12>=$D$2),G12/F12<3),"Very serious", AND(H12>$D$1*-1,H12<$D$1,I12>$D$1*-1,J12<$D$1,G12/F12>=3),"Very serious", AND(H12>$D$1*-1,H12<$D$1,OR(I12<=$D$1*-1,J12>=$D$1),I12>$D$2*-1,J12<$D$2,G12/F12>=3),"Very serious", AND(H12>$D$1*-1,H12<$D$1,OR(I12<=$D$2*-1,J12>=$D$2),G12/F12>=3),"Very serious")),"") | R12: =IFERROR(IFS(E12="NA","NA", AND(P12 = "HIGH",COUNTIF(Q12,"serious")>=1),"MODERATE", AND(P12 = "HIGH",COUNTIF(Q12,"Very serious")>=1),"LOW", AND(P12 = "HIGH",COUNTIF(Q12,"Extremely serious")>=1),"VERY LOW", AND(P12 = "HIGH",COUNTIF(Q12,"Not serious")>=1),P12, AND(P12 = "MODERATE",COUNTIF(Q12,"serious")>=1),"LOW", AND(P12 = "MODERATE",COUNTIF(Q12,"Very serious")>=1),"VERY LOW", AND(P12 = "MODERATE",COUNTIF(Q12,"Extremely serious")>=1),"VERY LOW", AND(P12 = "MODERATE",COUNTIF(Q12,"Not serious")>=1),P12, AND(P12 = "LOW",COUNTIF(Q12,"serious")>=1),"VERY LOW", AND(P12 = "LOW",COUNTIF(Q12,"Very serious")>=1),"VERY LOW", AND(P12 = "LOW",COUNTIF(Q12,"Extremely serious")>=1),"VERY LOW", AND(P12 = "LOW",COUNTIF(Q12,"Not serious")>=1),P12, P12 = "VERY LOW", P12),"") -> NA | T12: 0.47630351 | U12: 0.042314308 | V12: 5.0724808 | W12: -40.869756 | X12: -242.39758 | Y12: 15.150268 | Z12: {=INDEX($A$1:$C$500, MATCH(1,($B:$B=$B12)*($C:$C=$AB12),0),1)} -> 2 | AA12: {=INDEX($A$1:$C$500, MATCH(1,($B:$B=$AB12)*($C:$C=$B12),0),1)} -> #N/A | AB12: Plac | AC12: =IF(ISNUMBER(Z12),Z12,AA12) -> 2 | AD12: =IFERROR(INDEX($A$1:$R$500, MATCH(AC12,A:A,0),16),"") -> MODERATE | AE12: {=INDEX($A$1:$C$500, MATCH(1,($B:$B=$AB12)*($C:$C=$AG12),0),1)} -> #N/A | AF12: {=INDEX($A$1:$C$500, MATCH(1,($B:$B=$AG12)*($C:$C=$AB12),0),1)} -> #N/A | AH12: =IF(ISNUMBER(AE12),AE12,AF12) -> #N/A | AI12: =IFERROR(INDEX($A$1:$R$500, MATCH(AH12,A:A,0),16),"") | AJ12: {=INDEX($A$1:$C$500, MATCH(1,($B:$B=$C12)*($C:$C=$AG12),0),1)} -> #N/A | AK12: {=INDEX($A$1:$C$500, MATCH(1,($B:$B=$AG12)*($C:$C=$C12),0),1)} -> #N/A | AL12: {=INDEX($A$1:$C$500, MATCH(1,($B:$B=$C12)*($C:$C=$AB12),0),1)} -> 4 | AM12: {=INDEX($A$1:$C$500, MATCH(1,($B:$B=$AB12)*($C:$C=$C12),0),1)} -> #N/A | AN12: {=IFS(ISNUMBER(AJ12),AJ12,ISNUMBER(AK12),AK12,ISNUMBER(AL12),AL12,ISNUMBER(AM12),AM12)} -> 4 | AO12: =IF(ISBLANK(AB12),"",INDEX($A$1:$R$500, MATCH(AN12,$A:$A,0),16)) -> HIGH | AP12: =IF(ISBLANK(AB12),"",iferror(if(or(ifna(AD12,1)=1,ifna(AO12,1)=1),"#N/A",if(countif({AO12,AD12},"VERY LOW")>=1,"VERY LOW",if(countif({AO12,AD12},"LOW")>=1,"LOW",if(countif({AO12,AD12},"MODERATE")>=1,"MODERATE",if(countif({AO12,AD12},"HIGH")>=1,"HIGH","Check manually"))))),"#N/A")) -> MODERATE | AQ12: Not serious | AR12: =IF(OR(ISBLANK(AB12),ISBLANK(AQ12)),"",IFS(AND(AP12 = "HIGH",AQ12="Serious"),"MODERATE", AND(AP12 = "HIGH",AQ12="Not serious"),AP12, AND(AP12 = "MODERATE",AQ12="Serious"),"LOW", AND(AP12 = "MODERATE",AQ12 ="Not serious"),AP12, AND(AP12 = "LOW",AQ12="serious"),"VERY LOW", AND(AP12 = "LOW",AQ12="Not serious"),AP12, AND(AP12 = "HIGH",AQ12="Very serious"),"LOW", AND(AP12 = "MODERATE",AQ12="Very serious"),"VERY LOW", AND(AP12 = "LOW",AQ12="Very serious"),"VERY LOW", AP12 = "VERY LOW", AP12)) -> MODERATE | AS12: =IFERROR(IF(AND(Preferences!B$3="Manual",OR(AX12/AW12>V12/U12,BD12="Serious",BD12="Very serious")),"Assess imprecision",IFERROR(IFS(AND(Preferences!B$3="Automatic",V12/U12>=30),"Extremely serious",AND(W12<=$D$1*-1,Y12<0,V12/U12<3),"Not Serious",AND(W12<=$D$1*-1,Y12<0,V12/U12>=3),"Very serious",AND(W12>=$D$1,X12>0,V12/U12<3),"Not Serious",AND(W12>=$D$1,X12>0,V12/U12>=3),"Very serious",AND(W12<=$D$1*-1,Y12>0,X12>$D$2*-1,V12/U12<3),"Serious", AND(W12<=$D$1*-1,Y12>0,X12<$D$2*-1,V12/U12<3),"Very serious", AND(W12>=$D$1,X12<0,Y12<$D$2,V12/U12<3),"Serious",AND(W12>=$D$1,X12<0,Y12>$D$2,V12/U12<3),"Very serious", AND(W12<=$D$1*-1,Y12>0,X12>$D$2*-1,V12/U12>=3),"Very serious", AND(W12<=$D$1*-1,Y12>0,X12<$D$2*-1,V12/U12>=3),"Very serious", AND(W12>=$D$1,X12<0,Y12<$D$2,V12/U12>=3),"Very serious", AND(W12>=$D$1,X12<0,Y12>$D$2,V12/U12>=3),"Very serious", AND(W12>$D$1*-1,W12<$D$1,X12>$D$1*-1,Y12<$D$1,V12/U12<3),"Not Serious", AND(W12>$D$1*-1,W12<$D$1,OR(X12<=$D$1*-1,Y12>=$D$1),X12>$D$2*-1,Y12<$D$2,V12/U12<3),"Serious", AND(W12>$D$1*-1,W12<$D$1,OR(X12<=$D$2*-1,Y12>=$D$2),V12/U12<3),"Very serious", AND(W12>$D$1*-1,W12<$D$1,X12>$D$1*-1,Y12<$D$1,V12/U12>=3),"Very serious", AND(W12>$D$1*-1,W12<$D$1,OR(X12<=$D$1*-1,Y12>=$D$1),X12>$D$2*-1,Y12<$D$2,V12/U12>=3),"Very serious", AND(W12>$D$1*-1,W12<$D$1,OR(X12<=$D$2*-1,Y12>=$D$2),V12/U12>=3),"Very serious"),"")),"") -> Extremely serious | AT12: =IFERROR(IFS(T12="NA","NA",AS12="","",AS12="Assess imprecision","", AND(AR12 = "HIGH",COUNTIF(AS12,"serious")>=1),"MODERATE", AND(AR12 = "HIGH",COUNTIF(AS12,"Very serious")>=1),"LOW", AND(AR12 = "HIGH",COUNTIF(AS12,"Extremely serious")>=1),"VERY LOW", AND(AR12 = "HIGH",COUNTIF(AS12,"Not serious")>=1),AR12, AND(AR12 = "MODERATE",COUNTIF(AS12,"serious")>=1),"LOW", AND(AR12 = "MODERATE",COUNTIF(AS12,"Very serious")>=1),"VERY LOW", AND(AR12 = "MODERATE",COUNTIF(AS12,"Extremely serious")>=1),"VERY LOW", AND(AR12 = "MODERATE",COUNTIF(AS12,"Not serious")>=1),AR12, AND(AR12 = "LOW",COUNTIF(AS12,"serious")>=1),"VERY LOW", AND(AR12 = "LOW",COUNTIF(AS12,"Very serious")>=1),"VERY LOW", AND(AR12 = "LOW",COUNTIF(AS12,"Extremely serious")>=1),"VERY LOW", AND(AR12 = "LOW",COUNTIF(AS12,"Not serious")>=1),AR12, AR12 = "VERY LOW", AR12),"") -> VERY LOW | AV12: 0.47630351 | AW12: 0.042314308 | AX12: 5.0724808 | AY12: -40.869756 | AZ12: -242.39758 | BA12: 15.150268 | BB12: =IF(Preferences!B$9="Manual","",IFS(ISBLANK(B12),"",AND(ISNUMBER(E12)=TRUE,ISNUMBER(T12)=FALSE),"Direct", AND(ISNUMBER(E12)=FALSE,ISNUMBER(T12)=TRUE),"Indirect", CN12=4,"Direct",AND(CL12=FALSE, CM12=TRUE,CN12-CO12>-1),"Direct", AND(CL12=FALSE,CM12=TRUE, CN12-CO12<0),"Check algorithm in appendix 2", AND(CL12=TRUE, CM12=FALSE,CN12-CO12>0),"Check algorithm in appendix 2", AND(CL12=TRUE, CM12=FALSE,CN12-CO12=0),"Indirect", AND(CL12=TRUE, CM12=FALSE,CN12-CO12<0),"Indirect", AND(CL12=FALSE,CM12=FALSE,CN12-CO12>-1),"Direct", AND(CL12=FALSE,CM12=FALSE,CN12-CO12<0),"Check algorithm in appendix 2", AND(CL12=TRUE,CM12=TRUE,CN12-CO12>-1),"Direct", AND(CL12=TRUE,CM12=TRUE,CN12-CO12<0),"Check algorithm in appendix 2")) -> Indirect | BC12: =IFS(BB12="Direct",P12,BB12="Indirect",AR12,BB12="","",BB12="Check algorithm in appendix 2","") -> MODERATE | BD12: Not serious | BE12: =IF(Preferences!B$3="Manual","", IFERROR(IFS(AND(Preferences!B$3="Automatic",AX12/AW12>=30),"Extremely serious",AND(AY12<=$D$1*-1,BA12<0,AX12/AW12<3),"Not Serious",AND(AY12<=$D$1*-1,BA12<0,AX12/AW12>=3),"Very serious",AND(AY12>=$D$1,AZ12>0,AX12/AW12<3),"Not Serious",AND(AY12>=$D$1,AZ12>0,AX12/AW12>=3),"Very serious",AND(AY12<=$D$1*-1,BA12>0,AZ12>$D$2*-1,AX12/AW12<3),"Serious", AND(AY12<=$D$1*-1,BA12>0,AZ12<$D$2*-1,AX12/AW12<3),"Very serious", AND(AY12>=$D$1,AZ12<0,BA12<$D$2,AX12/AW12<3),"Serious",AND(AY12>=$D$1,AZ12<0,BA12>$D$2,AX12/AW12<3),"Very serious", AND(AY12<=$D$1*-1,BA12>0,AZ12>$D$2*-1,AX12/AW12>=3),"Very serious", AND(AY12<=$D$1*-1,BA12>0,AZ12<$D$2*-1,AX12/AW12>=3),"Very serious", AND(AY12>=$D$1,AZ12<0,BA12<$D$2,AX12/AW12>=3),"Very serious", AND(AY12>=$D$1,AZ12<0,BA12>$D$2,AX12/AW12>=3),"Very serious", AND(AY12>$D$1*-1,AY12<$D$1,AZ12>$D$1*-1,BA12<$D$1,AX12/AW12<3),"Not Serious", AND(AY12>$D$1*-1,AY12<$D$1,OR(AZ12<=$D$1*-1,BA12>=$D$1),AZ12>$D$2*-1,BA12<$D$2,AX12/AW12<3),"Serious", AND(AY12>$D$1*-1,AY12<$D$1,OR(AZ12<=$D$2*-1,BA12>=$D$2),AX12/AW12<3),"Very serious", AND(AY12>$D$1*-1,AY12<$D$1,AZ12>$D$1*-1,BA12<$D$1,AX12/AW12>=3),"Very serious", AND(AY12>$D$1*-1,AY12<$D$1,OR(AZ12<=$D$1*-1,BA12>=$D$1),AZ12>$D$2*-1,BA12<$D$2,AX12/AW12>=3),"Very serious", AND(AY12>$D$1*-1,AY12<$D$1,OR(AZ12<=$D$2*-1,BA12>=$D$2),AX12/AW12>=3),"Very serious"),"")) -> Extremely serious | BF12: =IF(OR(ISBLANK(BD12),AND(BE12<>"Not serious",BE12<>"Serious",BE12<>"Very serious",BE12<>"Extremely serious"),AS12="Assess imprecision",Q12="Assess imprecision"),"",IFERROR(IFS(BJ12-(2*COUNTIF(BD12,"Very serious")) - (2*COUNTIF(BE12,"Very serious"))- countif(BD12,"Serious") - countif(BE12,"Serious") - (3*countif(BE12,"Extremely serious"))=4,"HIGH", BJ12-(2*COUNTIF(BD12,"Very serious")) - (2*COUNTIF(BE12,"Very serious"))- countif(BD12,"Serious") - countif(BE12,"Serious") - (3*countif(BE12,"Extremely serious"))=3,"MODERATE", BJ12-(2*COUNTIF(BD12,"Very serious")) - (2*COUNTIF(BE12,"Very serious"))- countif(BD12,"Serious") - countif(BE12,"Serious") - (3*countif(BE12,"Extremely serious"))=2,"LOW", BJ12-(2*COUNTIF(BD12,"Very serious")) - (2*COUNTIF(BE12,"Very serious"))- countif(BD12,"Serious") - countif(BE12,"Serious") - (3*countif(BE12,"Extremely serious"))<=1,"VERY LOW"),"")) -> VERY LOW | BG12: =IFERROR(IFS(BF12="HIGH","NMA",R12="HIGH","DIRECT",AT12="HIGH","INDIRECT",BF12="MODERATE","NMA",R12="MODERATE","DIRECT",AT12="MODERATE","INDIRECT",BF12="LOW","NMA",R12="LOW","DIRECT",AT12="LOW","INDIRECT",BF12="VERY LOW","NMA",R12="VERY LOW","DIRECT",AT12="VERY LOW","INDIRECT"),"") -> NMA | BH12: =IFS(BG12="NMA",BK12,BG12="Direct",BL12,BG12="Indirect",BM12) -> NO | BI12: =if(OR(AV12<=0.7,AV12>=1.3),iferror(if(AX12/AW12>=2.5,"Prelim Very serious",if(BA12-AZ12>200,"Prelim Very serious","Check manually")),if(isblank(AW12)=TRUE,"",if(AW12=0,"Prelim very serious","Error"))),"Check manually") -> Prelim Very serious | BJ12: =ifs(BC12="HIGH",4,BC12="MODERATE",3,BC12="LOW",2,BC12="VERY LOW",1) -> 3 | BK12: =IF(AND(AW12<1,AX12>1),"NO","YES") -> NO | BL12: =IF(AND(F12<1,G12>1),"NO","YES") -> YES | BM12: =IF(AND(U12<1,V12>1),"NO","YES") -> NO | BN12: =(iferror(ifs(L12="Serious","RoB, ",L12="Very Serious","RoBx2, "),"")&iferror(ifs(M12="Serious","Inconsistency, ",M12="Very Serious","Inconsistencyx2, "),"")&iferror(ifs(N12="Serious","Indirectness, ",N12="Very serious","Indirectnessx2, "),"")&iferror(ifs(O12="Serious","Publication bias, "),"")&iferror(ifs(CH12="Serious","Imprecision, ",CH12="Very Serious","Imprecisionx2, ",CH12="Extremely serious","Imprecisionx3, "),"")&iferror(ifs(CI12="Serious","Incoherence, ",CI12="Very Serious","Incoherencex2, ",CI12="NA","",CI12="Not serious",""),"")) -> Imprecisionx3, | BO12: =(IFERROR(IFS(BU12="RoB","RoB, ",BU12="RoBx2","RoBx2, ",BU12="NA",""),"")&IFERROR(IFS(BY12="RoB","Inconsistency, ",BY12="RoBx2","Inconsistencyx2, ",BY12="NA","")&IFERROR(IFS(CC12="RoB","Indirectness, ",CC12="RoBx2","Indirectnessx2, ",CC12="NA",""),"")&IFERROR(IFS(CG12="RoB","Publication bias, ",CG12="RoBx2","Publication biasx2, ",CG12="NA",""),"")&IFERROR(IFS(CH12="Serious","Imprecision, ",CH12="Very serious","Imprecisionx2, ",CH12="Extremely serious","Imprecisionx3, ",CH12="Not serious",""),"")&IFERROR(IFS(AQ12="Serious","Intransitivity, ",AQ12="Very serious","Intransitivityx2, ",AQ12="NA","",AQ12="Not serious",""),"")&IFERROR(IFS(CI12="Serious","Incoherence, ",CI12="Very serious","Incoherencex2, ",CI12="NA","",CI12="Not serious",""),""))) -> RoB, Imprecisionx3, | BP12: =IFS(BB12="Direct",BN12,BB12="Indirect",BO12) -> RoB, Imprecisionx3, | BQ12: =IFERROR(LEFT(BP12, LEN(BP12)-2),"") -> RoB, Imprecisionx3 | BR12: =IFERROR(INDEX($A$4:$BF508,MATCH($AC12,$A$4:$A508,0),12),"NA") -> Serious | BS12: =IFERROR(INDEX($A$4:$BF508,MATCH($AH12,$A$4:$A508,0),12),"NA") -> NA | BT12: =IFERROR(INDEX($A$4:$BF508,MATCH($AN12,$A$4:$A508,0),12),"NA") -> Not serious | BU12: =IFS(OR(BR12="Very Serious",BS12 = "Very Serious",BT12 = "Very Serious"), "RoBx2", OR(BR12="Serious",BS12 = "Serious",BT12 = "Serious"),"RoB", AND(BR12="NA",BS12 = "NA",BT12 = "NA"),"NA", OR(BR12="Not Serious",BS12 = "Not Serious",BT12 = "Not Serious"),"NA") -> RoB | BV12: =IFERROR(INDEX($A$4:$BF508,MATCH($AC12,$A$4:$A508,0),13),"NA") -> Not serious | BW12: =IFERROR(INDEX($A$4:$BF508,MATCH($AH12,$A$4:$A508,0),13),"NA") -> NA | BX12: =IFERROR(INDEX($A$4:$BF508,MATCH($AN12,$A$4:$A508,0),13),"NA") -> Not serious | BY12: =IFS(OR(BV12="Very Serious",BW12 = "Very Serious",BX12 = "Very Serious"), "RoBx2", OR(BV12="Serious",BW12 = "Serious",BX12 = "Serious"),"RoB", AND(BV12="NA",BW12 = "NA",BX12 = "NA"),"NA", OR(BV12="Not Serious",BW12 = "Not Serious",BX12 = "Not Serious"),"NA") -> NA | BZ12: =IFERROR(INDEX($A$4:$BF508,MATCH($AC12,$A$4:$A508,0),14),"NA") -> Not serious | CA12: =IFERROR(INDEX($A$4:$BF508,MATCH($AH12,$A$4:$A508,0),14),"NA") -> NA | CB12: =IFERROR(INDEX($A$4:$BF508,MATCH($AN12,$A$4:$A508,0),14),"NA") -> Not serious | CC12: =IFS(OR(BZ12="Very Serious",CA12 = "Very Serious",CB12 = "Very Serious"), "RoBx2", OR(BZ12="Serious",CA12 = "Serious",CB12 = "Serious"),"RoB", AND(BZ12="NA",CA12 = "NA",CB12 = "NA"),"NA", OR(BZ12="Not Serious",CA12 = "Not Serious",CB12 = "Not Serious"),"NA") -> NA | CD12: =IFERROR(INDEX($A$4:$BF508,MATCH($AC12,$A$4:$A508,0),15),"NA") -> Not serious | CE12: =IFERROR(INDEX($A$4:$BF508,MATCH($AH12,$A$4:$A508,0),15),"NA") -> NA | CF12: =IFERROR(INDEX($A$4:$BF508,MATCH($AN12,$A$4:$A508,0),15),"NA") -> Not serious | CG12: =IFS(OR(CD12="Very Serious",CE12 = "Very Serious",CF12 = "Very Serious"), "RoBx2", OR(CD12="Serious",CE12 = "Serious",CF12 = "Serious"),"RoB", AND(CD12="NA",CE12 = "NA",CF12 = "NA"),"NA", OR(CD12="Not Serious",CE12 = "Not Serious",CF12 = "Not Serious"),"NA") -> NA | CH12: =IFS(BG12="NMA",BE12,BG12="Direct",Q12,BG12="Indirect",AS12) -> Extremely serious | CI12: =IFS(BG12="NMA",BD12,BG12="Direct","NA",BG12="Indirect","NA") -> Not serious | CJ12: =if(count(AV12:BA12)=6,if(abs(AY12)>=$D$1, if(AY12>0,if(OR(AZ12<0,BA12<0),if(and(BA12>$D$2,AZ12<$D$1),"2x, RD CIs very wide: Large harm to trivial effect or more","1x, RD CIs wide: crosses 0"),if(OR(AV12>=1.3,AV12<=0.7), if(and(count(AW12)=1,count(AX12)=1),if(round(AX12/AW12,2)>=2.5,"Wide OR CI: OIS not met","No serious imprecision"),"ERROR: check cell"),"No serious imprecision")),if(OR(AZ12>=0,BA12>=0),if(and(AZ12<(-1*$D$2),BA12>(-1*$D$1)),"2x, RD CIs very wide: Large benefit to trivial effect or more","1x, RD CIs wide: crosses 0"),if(OR(AV12>=1.3,AV12<=0.7), if(and(count(AW12)=1,count(AX12)=1),if(round(AX12/AW12,2)>=2.5,"Wide OR CI: OIS not met","No serious imprecision"),"ERROR: check cell"),"No serious imprecision"))),if(AY12>0,if(OR(AZ12<(-1*$D$1),BA12>$D$1),if(and(BA12>$D$2,AZ12<$D$1),"2x, RD CIs very wide: Large harm to trivial effect or more","1x, RD CIs wide: crosses MID"),if(OR(AV12>=1.3,AV12<=0.7), if(and(count(AW12)=1,count(AX12)=1),if(round(AX12/AW12,2)>=2.5,"Wide OR CI: OIS not met","No serious imprecision"),"ERROR: check cell"),"No serious imprecision")),if(OR(AZ12<=(-1*$D$1),BA12>=$D$1),if(and(AZ12<(-1*$D$2),BA12>(-1*$D$1)),"2x, RD CIs very wide: Large benefit to trivial effect or more","1x, RD CIs wide: crosses MID"),if(OR(AV12>=1.3,AV12<=0.7), if(and(count(AW12)=1,count(AX12)=1),if(round(AX12/AW12,2)>=2.5,"Wide OR CI: OIS not met","No serious imprecision"),"ERROR: check cell"),"No serious imprecision")))),"ERROR: check cell") -> 2x, RD CIs very wide: Large benefit to trivial effect or more | CL12: =AND(OR(AX12/G12<0.9,AX12/G12>1.1),OR(AW12/F12<0.9,AW12/F12>1.1)) -> #VALUE! | CM12: =AND(OR(AX12/V12<0.9,AX12/V12>1.1),OR(AW12/U12<0.9,AW12/U12>1.1)) -> FALSE | CN12: =(4-(3*COUNTIF(P12,"VERY LOW"))-2*countif(P12,"LOW")-1*countif(P12,"MODERATE")) -> 4 | CO12: =(4-(3*COUNTIF(AR12,"VERY LOW"))-2*countif(AR12,"LOW")-1*countif(AR12,"MODERATE")) -> 3 | CP12: =IFS(C12=Preferences!B$13,B12,B12=Preferences!B$13,C12) -> #N/A
A13: =IF(ISBLANK(B13),"",A12+1) -> 10 | B13: C | C13: D | E13: NA | F13: NA | G13: NA | H13: NA | I13: NA | J13: NA | P13: =IF(OR(ISBLANK(L13),ISBLANK(M13),ISBLANK(N13),ISBLANK(O13)),"",if(OR(iserror(L13)=TRUE,iferror(L13="NA","NA")),"NA",ifs(4-(2*COUNTIF(L13:O13,"Very serious"))-countif(L13:O13,"Serious")=4,"HIGH",4-(2*COUNTIF(L13:O13,"Very serious"))-countif(L13:O13,"Serious")=3,"MODERATE",4-(2*COUNTIF(L13:O13,"Very serious"))-countif(L13:O13,"Serious")=2,"LOW",4-(2*COUNTIF(L13:O13,"Very serious"))-countif(L13:O13,"Serious")<=1,"VERY LOW"))) | Q13: =IFERROR(IF(AND(Preferences!B$3="Manual",OR(AX13/AW13>G13/F13,BD13="Serious",BD13="Very serious")),"Assess imprecision",IFS(ISBLANK(E13),"",AND(Preferences!B$3="Automatic", G13/F13>=30),"Extremely serious",AND(H13<=$D$1*-1,J13<0,G13/F13<3),"Not serious",AND(H13<=$D$1*-1,J13<0,G13/F13>=3),"Very serious",AND(H13>=$D$1,I13>0,G13/F13<3),"Not serious",AND(H13>=$D$1,I13>0,G13/F13>=3),"Very serious",AND(H13<=$D$1*-1,J13>0,I13>$D$2*-1,G13/F13<3),"Serious", AND(H13<=$D$1*-1,J13>0,I13<$D$2*-1,G13/F13<3),"Very serious", AND(H13>=$D$1,I13<0,J13<$D$2,G13/F13<3),"Serious",AND(H13>=$D$1,I13<0,J13>$D$2,G13/F13<3),"Very serious", AND(H13<=$D$1*-1,J13>0,I13>$D$2*-1,G13/F13>=3),"Very serious", AND(H13<=$D$1*-1,J13>0,I13<$D$2*-1,G13/F13>=3),"Very serious", AND(H13>=$D$1,I13<0,J13<$D$2,G13/F13>=3),"Very serious", AND(H13>=$D$1,I13<0,J13>$D$2,G13/F13>=3),"Very serious", AND(H13>$D$1*-1,H13<$D$1,I13>$D$1*-1,J13<$D$1,G13/F13<3),"Not serious", AND(H13>$D$1*-1,H13<$D$1,OR(I13<=$D$1*-1,J13>=$D$1),I13>$D$2*-1,J13<$D$2,G13/F13<3),"Serious", AND(H13>$D$1*-1,H13<$D$1,OR(I13<=$D$2*-1,J13>=$D$2),G13/F13<3),"Very serious", AND(H13>$D$1*-1,H13<$D$1,I13>$D$1*-1,J13<$D$1,G13/F13>=3),"Very serious", AND(H13>$D$1*-1,H13<$D$1,OR(I13<=$D$1*-1,J13>=$D$1),I13>$D$2*-1,J13<$D$2,G13/F13>=3),"Very serious", AND(H13>$D$1*-1,H13<$D$1,OR(I13<=$D$2*-1,J13>=$D$2),G13/F13>=3),"Very serious")),"") | R13: =IFERROR(IFS(E13="NA","NA", AND(P13 = "HIGH",COUNTIF(Q13,"serious")>=1),"MODERATE", AND(P13 = "HIGH",COUNTIF(Q13,"Very serious")>=1),"LOW", AND(P13 = "HIGH",COUNTIF(Q13,"Extremely serious")>=1),"VERY LOW", AND(P13 = "HIGH",COUNTIF(Q13,"Not serious")>=1),P13, AND(P13 = "MODERATE",COUNTIF(Q13,"serious")>=1),"LOW", AND(P13 = "MODERATE",COUNTIF(Q13,"Very serious")>=1),"VERY LOW", AND(P13 = "MODERATE",COUNTIF(Q13,"Extremely serious")>=1),"VERY LOW", AND(P13 = "MODERATE",COUNTIF(Q13,"Not serious")>=1),P13, AND(P13 = "LOW",COUNTIF(Q13,"serious")>=1),"VERY LOW", AND(P13 = "LOW",COUNTIF(Q13,"Very serious")>=1),"VERY LOW", AND(P13 = "LOW",COUNTIF(Q13,"Extremely serious")>=1),"VERY LOW", AND(P13 = "LOW",COUNTIF(Q13,"Not serious")>=1),P13, P13 = "VERY LOW", P13),"") -> NA | T13: 1.4323837 | U13: 0.11745617 | V13: 16.818173 | W13: -6.790194 | X13: -209.7301 | Y13: 74.625474 | Z13: {=INDEX($A$1:$C$500, MATCH(1,($B:$B=$B13)*($C:$C=$AB13),0),1)} -> 3 | AA13: {=INDEX($A$1:$C$500, MATCH(1,($B:$B=$AB13)*($C:$C=$B13),0),1)} -> #N/A | AB13: Plac | AC13: =IF(ISNUMBER(Z13),Z13,AA13) -> 3 | AD13: =IFERROR(INDEX($A$1:$R$500, MATCH(AC13,A:A,0),16),"") -> MODERATE | AE13: {=INDEX($A$1:$C$500, MATCH(1,($B:$B=$AB13)*($C:$C=$AG13),0),1)} -> #N/A | AF13: {=INDEX($A$1:$C$500, MATCH(1,($B:$B=$AG13)*($C:$C=$AB13),0),1)} -> #N/A | AH13: =IF(ISNUMBER(AE13),AE13,AF13) -> #N/A | AI13: =IFERROR(INDEX($A$1:$R$500, MATCH(AH13,A:A,0),16),"") | AJ13: {=INDEX($A$1:$C$500, MATCH(1,($B:$B=$C13)*($C:$C=$AG13),0),1)} -> #N/A | AK13: {=INDEX($A$1:$C$500, MATCH(1,($B:$B=$AG13)*($C:$C=$C13),0),1)} -> #N/A | AL13: {=INDEX($A$1:$C$500, MATCH(1,($B:$B=$C13)*($C:$C=$AB13),0),1)} -> 4 | AM13: {=INDEX($A$1:$C$500, MATCH(1,($B:$B=$AB13)*($C:$C=$C13),0),1)} -> #N/A | AN13: {=IFS(ISNUMBER(AJ13),AJ13,ISNUMBER(AK13),AK13,ISNUMBER(AL13),AL13,ISNUMBER(AM13),AM13)} -> 4 | AO13: =IF(ISBLANK(AB13),"",INDEX($A$1:$R$500, MATCH(AN13,$A:$A,0),16)) -> HIGH | AP13: =IF(ISBLANK(AB13),"",iferror(if(or(ifna(AD13,1)=1,ifna(AO13,1)=1),"#N/A",if(countif({AO13,AD13},"VERY LOW")>=1,"VERY LOW",if(countif({AO13,AD13},"LOW")>=1,"LOW",if(countif({AO13,AD13},"MODERATE")>=1,"MODERATE",if(countif({AO13,AD13},"HIGH")>=1,"HIGH","Check manually"))))),"#N/A")) -> MODERATE | AQ13: Not serious | AR13: =IF(OR(ISBLANK(AB13),ISBLANK(AQ13)),"",IFS(AND(AP13 = "HIGH",AQ13="Serious"),"MODERATE", AND(AP13 = "HIGH",AQ13="Not serious"),AP13, AND(AP13 = "MODERATE",AQ13="Serious"),"LOW", AND(AP13 = "MODERATE",AQ13 ="Not serious"),AP13, AND(AP13 = "LOW",AQ13="serious"),"VERY LOW", AND(AP13 = "LOW",AQ13="Not serious"),AP13, AND(AP13 = "HIGH",AQ13="Very serious"),"LOW", AND(AP13 = "MODERATE",AQ13="Very serious"),"VERY LOW", AND(AP13 = "LOW",AQ13="Very serious"),"VERY LOW", AP13 = "VERY LOW", AP13)) -> MODERATE | AS13: =IFERROR(IF(AND(Preferences!B$3="Manual",OR(AX13/AW13>V13/U13,BD13="Serious",BD13="Very serious")),"Assess imprecision",IFERROR(IFS(AND(Preferences!B$3="Automatic",V13/U13>=30),"Extremely serious",AND(W13<=$D$1*-1,Y13<0,V13/U13<3),"Not Serious",AND(W13<=$D$1*-1,Y13<0,V13/U13>=3),"Very serious",AND(W13>=$D$1,X13>0,V13/U13<3),"Not Serious",AND(W13>=$D$1,X13>0,V13/U13>=3),"Very serious",AND(W13<=$D$1*-1,Y13>0,X13>$D$2*-1,V13/U13<3),"Serious", AND(W13<=$D$1*-1,Y13>0,X13<$D$2*-1,V13/U13<3),"Very serious", AND(W13>=$D$1,X13<0,Y13<$D$2,V13/U13<3),"Serious",AND(W13>=$D$1,X13<0,Y13>$D$2,V13/U13<3),"Very serious", AND(W13<=$D$1*-1,Y13>0,X13>$D$2*-1,V13/U13>=3),"Very serious", AND(W13<=$D$1*-1,Y13>0,X13<$D$2*-1,V13/U13>=3),"Very serious", AND(W13>=$D$1,X13<0,Y13<$D$2,V13/U13>=3),"Very serious", AND(W13>=$D$1,X13<0,Y13>$D$2,V13/U13>=3),"Very serious", AND(W13>$D$1*-1,W13<$D$1,X13>$D$1*-1,Y13<$D$1,V13/U13<3),"Not Serious", AND(W13>$D$1*-1,W13<$D$1,OR(X13<=$D$1*-1,Y13>=$D$1),X13>$D$2*-1,Y13<$D$2,V13/U13<3),"Serious", AND(W13>$D$1*-1,W13<$D$1,OR(X13<=$D$2*-1,Y13>=$D$2),V13/U13<3),"Very serious", AND(W13>$D$1*-1,W13<$D$1,X13>$D$1*-1,Y13<$D$1,V13/U13>=3),"Very serious", AND(W13>$D$1*-1,W13<$D$1,OR(X13<=$D$1*-1,Y13>=$D$1),X13>$D$2*-1,Y13<$D$2,V13/U13>=3),"Very serious", AND(W13>$D$1*-1,W13<$D$1,OR(X13<=$D$2*-1,Y13>=$D$2),V13/U13>=3),"Very serious"),"")),"") -> Extremely serious | AT13: =IFERROR(IFS(T13="NA","NA",AS13="","",AS13="Assess imprecision","", AND(AR13 = "HIGH",COUNTIF(AS13,"serious")>=1),"MODERATE", AND(AR13 = "HIGH",COUNTIF(AS13,"Very serious")>=1),"LOW", AND(AR13 = "HIGH",COUNTIF(AS13,"Extremely serious")>=1),"VERY LOW", AND(AR13 = "HIGH",COUNTIF(AS13,"Not serious")>=1),AR13, AND(AR13 = "MODERATE",COUNTIF(AS13,"serious")>=1),"LOW", AND(AR13 = "MODERATE",COUNTIF(AS13,"Very serious")>=1),"VERY LOW", AND(AR13 = "MODERATE",COUNTIF(AS13,"Extremely serious")>=1),"VERY LOW", AND(AR13 = "MODERATE",COUNTIF(AS13,"Not serious")>=1),AR13, AND(AR13 = "LOW",COUNTIF(AS13,"serious")>=1),"VERY LOW", AND(AR13 = "LOW",COUNTIF(AS13,"Very serious")>=1),"VERY LOW", AND(AR13 = "LOW",COUNTIF(AS13,"Extremely serious")>=1),"VERY LOW", AND(AR13 = "LOW",COUNTIF(AS13,"Not serious")>=1),AR13, AR13 = "VERY LOW", AR13),"") -> VERY LOW | AV13: 1.4323837 | AW13: 0.11745617 | AX13: 16.818173 | AY13: -6.790194 | AZ13: -209.7301 | BA13: 74.625474 | BB13: =IF(Preferences!B$9="Manual","",IFS(ISBLANK(B13),"",AND(ISNUMBER(E13)=TRUE,ISNUMBER(T13)=FALSE),"Direct", AND(ISNUMBER(E13)=FALSE,ISNUMBER(T13)=TRUE),"Indirect", CN13=4,"Direct",AND(CL13=FALSE, CM13=TRUE,CN13-CO13>-1),"Direct", AND(CL13=FALSE,CM13=TRUE, CN13-CO13<0),"Check algorithm in appendix 2", AND(CL13=TRUE, CM13=FALSE,CN13-CO13>0),"Check algorithm in appendix 2", AND(CL13=TRUE, CM13=FALSE,CN13-CO13=0),"Indirect", AND(CL13=TRUE, CM13=FALSE,CN13-CO13<0),"Indirect", AND(CL13=FALSE,CM13=FALSE,CN13-CO13>-1),"Direct", AND(CL13=FALSE,CM13=FALSE,CN13-CO13<0),"Check algorithm in appendix 2", AND(CL13=TRUE,CM13=TRUE,CN13-CO13>-1),"Direct", AND(CL13=TRUE,CM13=TRUE,CN13-CO13<0),"Check algorithm in appendix 2")) -> Indirect | BC13: =IFS(BB13="Direct",P13,BB13="Indirect",AR13,BB13="","",BB13="Check algorithm in appendix 2","") -> MODERATE | BD13: Not serious | BE13: =IF(Preferences!B$3="Manual","", IFERROR(IFS(AND(Preferences!B$3="Automatic",AX13/AW13>=30),"Extremely serious",AND(AY13<=$D$1*-1,BA13<0,AX13/AW13<3),"Not Serious",AND(AY13<=$D$1*-1,BA13<0,AX13/AW13>=3),"Very serious",AND(AY13>=$D$1,AZ13>0,AX13/AW13<3),"Not Serious",AND(AY13>=$D$1,AZ13>0,AX13/AW13>=3),"Very serious",AND(AY13<=$D$1*-1,BA13>0,AZ13>$D$2*-1,AX13/AW13<3),"Serious", AND(AY13<=$D$1*-1,BA13>0,AZ13<$D$2*-1,AX13/AW13<3),"Very serious", AND(AY13>=$D$1,AZ13<0,BA13<$D$2,AX13/AW13<3),"Serious",AND(AY13>=$D$1,AZ13<0,BA13>$D$2,AX13/AW13<3),"Very serious", AND(AY13<=$D$1*-1,BA13>0,AZ13>$D$2*-1,AX13/AW13>=3),"Very serious", AND(AY13<=$D$1*-1,BA13>0,AZ13<$D$2*-1,AX13/AW13>=3),"Very serious", AND(AY13>=$D$1,AZ13<0,BA13<$D$2,AX13/AW13>=3),"Very serious", AND(AY13>=$D$1,AZ13<0,BA13>$D$2,AX13/AW13>=3),"Very serious", AND(AY13>$D$1*-1,AY13<$D$1,AZ13>$D$1*-1,BA13<$D$1,AX13/AW13<3),"Not Serious", AND(AY13>$D$1*-1,AY13<$D$1,OR(AZ13<=$D$1*-1,BA13>=$D$1),AZ13>$D$2*-1,BA13<$D$2,AX13/AW13<3),"Serious", AND(AY13>$D$1*-1,AY13<$D$1,OR(AZ13<=$D$2*-1,BA13>=$D$2),AX13/AW13<3),"Very serious", AND(AY13>$D$1*-1,AY13<$D$1,AZ13>$D$1*-1,BA13<$D$1,AX13/AW13>=3),"Very serious", AND(AY13>$D$1*-1,AY13<$D$1,OR(AZ13<=$D$1*-1,BA13>=$D$1),AZ13>$D$2*-1,BA13<$D$2,AX13/AW13>=3),"Very serious", AND(AY13>$D$1*-1,AY13<$D$1,OR(AZ13<=$D$2*-1,BA13>=$D$2),AX13/AW13>=3),"Very serious"),"")) -> Extremely serious | BF13: =IF(OR(ISBLANK(BD13),AND(BE13<>"Not serious",BE13<>"Serious",BE13<>"Very serious",BE13<>"Extremely serious"),AS13="Assess imprecision",Q13="Assess imprecision"),"",IFERROR(IFS(BJ13-(2*COUNTIF(BD13,"Very serious")) - (2*COUNTIF(BE13,"Very serious"))- countif(BD13,"Serious") - countif(BE13,"Serious") - (3*countif(BE13,"Extremely serious"))=4,"HIGH", BJ13-(2*COUNTIF(BD13,"Very serious")) - (2*COUNTIF(BE13,"Very serious"))- countif(BD13,"Serious") - countif(BE13,"Serious") - (3*countif(BE13,"Extremely serious"))=3,"MODERATE", BJ13-(2*COUNTIF(BD13,"Very serious")) - (2*COUNTIF(BE13,"Very serious"))- countif(BD13,"Serious") - countif(BE13,"Serious") - (3*countif(BE13,"Extremely serious"))=2,"LOW", BJ13-(2*COUNTIF(BD13,"Very serious")) - (2*COUNTIF(BE13,"Very serious"))- countif(BD13,"Serious") - countif(BE13,"Serious") - (3*countif(BE13,"Extremely serious"))<=1,"VERY LOW"),"")) -> VERY LOW | BG13: =IFERROR(IFS(BF13="HIGH","NMA",R13="HIGH","DIRECT",AT13="HIGH","INDIRECT",BF13="MODERATE","NMA",R13="MODERATE","DIRECT",AT13="MODERATE","INDIRECT",BF13="LOW","NMA",R13="LOW","DIRECT",AT13="LOW","INDIRECT",BF13="VERY LOW","NMA",R13="VERY LOW","DIRECT",AT13="VERY LOW","INDIRECT"),"") -> NMA | BH13: =IFS(BG13="NMA",BK13,BG13="Direct",BL13,BG13="Indirect",BM13) -> NO | BI13: =if(OR(AV13<=0.7,AV13>=1.3),iferror(if(AX13/AW13>=2.5,"Prelim Very serious",if(BA13-AZ13>200,"Prelim Very serious","Check manually")),if(isblank(AW13)=TRUE,"",if(AW13=0,"Prelim very serious","Error"))),"Check manually") -> Prelim Very serious | BJ13: =ifs(BC13="HIGH",4,BC13="MODERATE",3,BC13="LOW",2,BC13="VERY LOW",1) -> 3 | BK13: =IF(AND(AW13<1,AX13>1),"NO","YES") -> NO | BL13: =IF(AND(F13<1,G13>1),"NO","YES") -> YES | BM13: =IF(AND(U13<1,V13>1),"NO","YES") -> NO | BN13: =(iferror(ifs(L13="Serious","RoB, ",L13="Very Serious","RoBx2, "),"")&iferror(ifs(M13="Serious","Inconsistency, ",M13="Very Serious","Inconsistencyx2, "),"")&iferror(ifs(N13="Serious","Indirectness, ",N13="Very serious","Indirectnessx2, "),"")&iferror(ifs(O13="Serious","Publication bias, "),"")&iferror(ifs(CH13="Serious","Imprecision, ",CH13="Very Serious","Imprecisionx2, ",CH13="Extremely serious","Imprecisionx3, "),"")&iferror(ifs(CI13="Serious","Incoherence, ",CI13="Very Serious","Incoherencex2, ",CI13="NA","",CI13="Not serious",""),"")) -> Imprecisionx3, | BO13: =(IFERROR(IFS(BU13="RoB","RoB, ",BU13="RoBx2","RoBx2, ",BU13="NA",""),"")&IFERROR(IFS(BY13="RoB","Inconsistency, ",BY13="RoBx2","Inconsistencyx2, ",BY13="NA","")&IFERROR(IFS(CC13="RoB","Indirectness, ",CC13="RoBx2","Indirectnessx2, ",CC13="NA",""),"")&IFERROR(IFS(CG13="RoB","Publication bias, ",CG13="RoBx2","Publication biasx2, ",CG13="NA",""),"")&IFERROR(IFS(CH13="Serious","Imprecision, ",CH13="Very serious","Imprecisionx2, ",CH13="Extremely serious","Imprecisionx3, ",CH13="Not serious",""),"")&IFERROR(IFS(AQ13="Serious","Intransitivity, ",AQ13="Very serious","Intransitivityx2, ",AQ13="NA","",AQ13="Not serious",""),"")&IFERROR(IFS(CI13="Serious","Incoherence, ",CI13="Very serious","Incoherencex2, ",CI13="NA","",CI13="Not serious",""),""))) -> RoB, Imprecisionx3, | BP13: =IFS(BB13="Direct",BN13,BB13="Indirect",BO13) -> RoB, Imprecisionx3, | BQ13: =IFERROR(LEFT(BP13, LEN(BP13)-2),"") -> RoB, Imprecisionx3 | BR13: =IFERROR(INDEX($A$4:$BF509,MATCH($AC13,$A$4:$A509,0),12),"NA") -> Serious | BS13: =IFERROR(INDEX($A$4:$BF509,MATCH($AH13,$A$4:$A509,0),12),"NA") -> NA | BT13: =IFERROR(INDEX($A$4:$BF509,MATCH($AN13,$A$4:$A509,0),12),"NA") -> Not serious | BU13: =IFS(OR(BR13="Very Serious",BS13 = "Very Serious",BT13 = "Very Serious"), "RoBx2", OR(BR13="Serious",BS13 = "Serious",BT13 = "Serious"),"RoB", AND(BR13="NA",BS13 = "NA",BT13 = "NA"),"NA", OR(BR13="Not Serious",BS13 = "Not Serious",BT13 = "Not Serious"),"NA") -> RoB | BV13: =IFERROR(INDEX($A$4:$BF509,MATCH($AC13,$A$4:$A509,0),13),"NA") -> Not serious | BW13: =IFERROR(INDEX($A$4:$BF509,MATCH($AH13,$A$4:$A509,0),13),"NA") -> NA | BX13: =IFERROR(INDEX($A$4:$BF509,MATCH($AN13,$A$4:$A509,0),13),"NA") -> Not serious | BY13: =IFS(OR(BV13="Very Serious",BW13 = "Very Serious",BX13 = "Very Serious"), "RoBx2", OR(BV13="Serious",BW13 = "Serious",BX13 = "Serious"),"RoB", AND(BV13="NA",BW13 = "NA",BX13 = "NA"),"NA", OR(BV13="Not Serious",BW13 = "Not Serious",BX13 = "Not Serious"),"NA") -> NA | BZ13: =IFERROR(INDEX($A$4:$BF509,MATCH($AC13,$A$4:$A509,0),14),"NA") -> Not serious | CA13: =IFERROR(INDEX($A$4:$BF509,MATCH($AH13,$A$4:$A509,0),14),"NA") -> NA | CB13: =IFERROR(INDEX($A$4:$BF509,MATCH($AN13,$A$4:$A509,0),14),"NA") -> Not serious | CC13: =IFS(OR(BZ13="Very Serious",CA13 = "Very Serious",CB13 = "Very Serious"), "RoBx2", OR(BZ13="Serious",CA13 = "Serious",CB13 = "Serious"),"RoB", AND(BZ13="NA",CA13 = "NA",CB13 = "NA"),"NA", OR(BZ13="Not Serious",CA13 = "Not Serious",CB13 = "Not Serious"),"NA") -> NA | CD13: =IFERROR(INDEX($A$4:$BF509,MATCH($AC13,$A$4:$A509,0),15),"NA") -> Not serious | CE13: =IFERROR(INDEX($A$4:$BF509,MATCH($AH13,$A$4:$A509,0),15),"NA") -> NA | CF13: =IFERROR(INDEX($A$4:$BF509,MATCH($AN13,$A$4:$A509,0),15),"NA") -> Not serious | CG13: =IFS(OR(CD13="Very Serious",CE13 = "Very Serious",CF13 = "Very Serious"), "RoBx2", OR(CD13="Serious",CE13 = "Serious",CF13 = "Serious"),"RoB", AND(CD13="NA",CE13 = "NA",CF13 = "NA"),"NA", OR(CD13="Not Serious",CE13 = "Not Serious",CF13 = "Not Serious"),"NA") -> NA | CH13: =IFS(BG13="NMA",BE13,BG13="Direct",Q13,BG13="Indirect",AS13) -> Extremely serious | CI13: =IFS(BG13="NMA",BD13,BG13="Direct","NA",BG13="Indirect","NA") -> Not serious | CJ13: =if(count(AV13:BA13)=6,if(abs(AY13)>=$D$1, if(AY13>0,if(OR(AZ13<0,BA13<0),if(and(BA13>$D$2,AZ13<$D$1),"2x, RD CIs very wide: Large harm to trivial effect or more","1x, RD CIs wide: crosses 0"),if(OR(AV13>=1.3,AV13<=0.7), if(and(count(AW13)=1,count(AX13)=1),if(round(AX13/AW13,2)>=2.5,"Wide OR CI: OIS not met","No serious imprecision"),"ERROR: check cell"),"No serious imprecision")),if(OR(AZ13>=0,BA13>=0),if(and(AZ13<(-1*$D$2),BA13>(-1*$D$1)),"2x, RD CIs very wide: Large benefit to trivial effect or more","1x, RD CIs wide: crosses 0"),if(OR(AV13>=1.3,AV13<=0.7), if(and(count(AW13)=1,count(AX13)=1),if(round(AX13/AW13,2)>=2.5,"Wide OR CI: OIS not met","No serious imprecision"),"ERROR: check cell"),"No serious imprecision"))),if(AY13>0,if(OR(AZ13<(-1*$D$1),BA13>$D$1),if(and(BA13>$D$2,AZ13<$D$1),"2x, RD CIs very wide: Large harm to trivial effect or more","1x, RD CIs wide: crosses MID"),if(OR(AV13>=1.3,AV13<=0.7), if(and(count(AW13)=1,count(AX13)=1),if(round(AX13/AW13,2)>=2.5,"Wide OR CI: OIS not met","No serious imprecision"),"ERROR: check cell"),"No serious imprecision")),if(OR(AZ13<=(-1*$D$1),BA13>=$D$1),if(and(AZ13<(-1*$D$2),BA13>(-1*$D$1)),"2x, RD CIs very wide: Large benefit to trivial effect or more","1x, RD CIs wide: crosses MID"),if(OR(AV13>=1.3,AV13<=0.7), if(and(count(AW13)=1,count(AX13)=1),if(round(AX13/AW13,2)>=2.5,"Wide OR CI: OIS not met","No serious imprecision"),"ERROR: check cell"),"No serious imprecision")))),"ERROR: check cell") -> 2x, RD CIs very wide: Large benefit to trivial effect or more | CL13: =AND(OR(AX13/G13<0.9,AX13/G13>1.1),OR(AW13/F13<0.9,AW13/F13>1.1)) -> #VALUE! | CM13: =AND(OR(AX13/V13<0.9,AX13/V13>1.1),OR(AW13/U13<0.9,AW13/U13>1.1)) -> FALSE | CN13: =(4-(3*COUNTIF(P13,"VERY LOW"))-2*countif(P13,"LOW")-1*countif(P13,"MODERATE")) -> 4 | CO13: =(4-(3*COUNTIF(AR13,"VERY LOW"))-2*countif(AR13,"LOW")-1*countif(AR13,"MODERATE")) -> 3 | CP13: =IFS(C13=Preferences!B$13,B13,B13=Preferences!B$13,C13) -> #N/A
A14: =IF(ISBLANK(B14),"",A13+1) | P14: =IF(OR(ISBLANK(L14),ISBLANK(M14),ISBLANK(N14),ISBLANK(O14)),"",if(OR(iserror(L14)=TRUE,iferror(L14="NA","NA")),"NA",ifs(4-(2*COUNTIF(L14:O14,"Very serious"))-countif(L14:O14,"Serious")=4,"HIGH",4-(2*COUNTIF(L14:O14,"Very serious"))-countif(L14:O14,"Serious")=3,"MODERATE",4-(2*COUNTIF(L14:O14,"Very serious"))-countif(L14:O14,"Serious")=2,"LOW",4-(2*COUNTIF(L14:O14,"Very serious"))-countif(L14:O14,"Serious")<=1,"VERY LOW"))) | Q14: =IFERROR(IF(AND(Preferences!B$3="Manual",OR(AX14/AW14>G14/F14,BD14="Serious",BD14="Very serious")),"Assess imprecision",IFS(ISBLANK(E14),"",AND(Preferences!B$3="Automatic", G14/F14>=30),"Extremely serious",AND(H14<=$D$1*-1,J14<0,G14/F14<3),"Not serious",AND(H14<=$D$1*-1,J14<0,G14/F14>=3),"Very serious",AND(H14>=$D$1,I14>0,G14/F14<3),"Not serious",AND(H14>=$D$1,I14>0,G14/F14>=3),"Very serious",AND(H14<=$D$1*-1,J14>0,I14>$D$2*-1,G14/F14<3),"Serious", AND(H14<=$D$1*-1,J14>0,I14<$D$2*-1,G14/F14<3),"Very serious", AND(H14>=$D$1,I14<0,J14<$D$2,G14/F14<3),"Serious",AND(H14>=$D$1,I14<0,J14>$D$2,G14/F14<3),"Very serious", AND(H14<=$D$1*-1,J14>0,I14>$D$2*-1,G14/F14>=3),"Very serious", AND(H14<=$D$1*-1,J14>0,I14<$D$2*-1,G14/F14>=3),"Very serious", AND(H14>=$D$1,I14<0,J14<$D$2,G14/F14>=3),"Very serious", AND(H14>=$D$1,I14<0,J14>$D$2,G14/F14>=3),"Very serious", AND(H14>$D$1*-1,H14<$D$1,I14>$D$1*-1,J14<$D$1,G14/F14<3),"Not serious", AND(H14>$D$1*-1,H14<$D$1,OR(I14<=$D$1*-1,J14>=$D$1),I14>$D$2*-1,J14<$D$2,G14/F14<3),"Serious", AND(H14>$D$1*-1,H14<$D$1,OR(I14<=$D$2*-1,J14>=$D$2),G14/F14<3),"Very serious", AND(H14>$D$1*-1,H14<$D$1,I14>$D$1*-1,J14<$D$1,G14/F14>=3),"Very serious", AND(H14>$D$1*-1,H14<$D$1,OR(I14<=$D$1*-1,J14>=$D$1),I14>$D$2*-1,J14<$D$2,G14/F14>=3),"Very serious", AND(H14>$D$1*-1,H14<$D$1,OR(I14<=$D$2*-1,J14>=$D$2),G14/F14>=3),"Very serious")),"") | R14: =IFERROR(IFS(E14="NA","NA", AND(P14 = "HIGH",COUNTIF(Q14,"serious")>=1),"MODERATE", AND(P14 = "HIGH",COUNTIF(Q14,"Very serious")>=1),"LOW", AND(P14 = "HIGH",COUNTIF(Q14,"Extremely serious")>=1),"VERY LOW", AND(P14 = "HIGH",COUNTIF(Q14,"Not serious")>=1),P14, AND(P14 = "MODERATE",COUNTIF(Q14,"serious")>=1),"LOW", AND(P14 = "MODERATE",COUNTIF(Q14,"Very serious")>=1),"VERY LOW", AND(P14 = "MODERATE",COUNTIF(Q14,"Extremely serious")>=1),"VERY LOW", AND(P14 = "MODERATE",COUNTIF(Q14,"Not serious")>=1),P14, AND(P14 = "LOW",COUNTIF(Q14,"serious")>=1),"VERY LOW", AND(P14 = "LOW",COUNTIF(Q14,"Very serious")>=1),"VERY LOW", AND(P14 = "LOW",COUNTIF(Q14,"Extremely serious")>=1),"VERY LOW", AND(P14 = "LOW",COUNTIF(Q14,"Not serious")>=1),P14, P14 = "VERY LOW", P14),"") | Z14: {=INDEX($A$1:$C$500, MATCH(1,($B:$B=$B14)*($C:$C=$AB14),0),1)} | AA14: {=INDEX($A$1:$C$500, MATCH(1,($B:$B=$AB14)*($C:$C=$B14),0),1)} | AC14: =IF(ISNUMBER(Z14),Z14,AA14) | AD14: =IFERROR(INDEX($A$1:$R$500, MATCH(AC14,A:A,0),16),"") | AE14: {=INDEX($A$1:$C$500, MATCH(1,($B:$B=$AB14)*($C:$C=$AG14),0),1)} | AF14: {=INDEX($A$1:$C$500, MATCH(1,($B:$B=$AG14)*($C:$C=$AB14),0),1)} | AH14: =IF(ISNUMBER(AE14),AE14,AF14) | AI14: =IFERROR(INDEX($A$1:$R$500, MATCH(AH14,A:A,0),16),"") | AJ14: {=INDEX($A$1:$C$500, MATCH(1,($B:$B=$C14)*($C:$C=$AG14),0),1)} | AK14: {=INDEX($A$1:$C$500, MATCH(1,($B:$B=$AG14)*($C:$C=$C14),0),1)} | AL14: {=INDEX($A$1:$C$500, MATCH(1,($B:$B=$C14)*($C:$C=$AB14),0),1)} | AM14: {=INDEX($A$1:$C$500, MATCH(1,($B:$B=$AB14)*($C:$C=$C14),0),1)} | AN14: {=IFS(ISNUMBER(AJ14),AJ14,ISNUMBER(AK14),AK14,ISNUMBER(AL14),AL14,ISNUMBER(AM14),AM14)} -> #N/A | AO14: =IF(ISBLANK(AB14),"",INDEX($A$1:$R$500, MATCH(AN14,$A:$A,0),16)) | AP14: =IF(ISBLANK(AB14),"",iferror(if(or(ifna(AD14,1)=1,ifna(AO14,1)=1),"#N/A",if(countif({AO14,AD14},"VERY LOW")>=1,"VERY LOW",if(countif({AO14,AD14},"LOW")>=1,"LOW",if(countif({AO14,AD14},"MODERATE")>=1,"MODERATE",if(countif({AO14,AD14},"HIGH")>=1,"HIGH","Check manually"))))),"#N/A")) | AR14: =IF(OR(ISBLANK(AB14),ISBLANK(AQ14)),"",IFS(AND(AP14 = "HIGH",AQ14="Serious"),"MODERATE", AND(AP14 = "HIGH",AQ14="Not serious"),AP14, AND(AP14 = "MODERATE",AQ14="Serious"),"LOW", AND(AP14 = "MODERATE",AQ14 ="Not serious"),AP14, AND(AP14 = "LOW",AQ14="serious"),"VERY LOW", AND(AP14 = "LOW",AQ14="Not serious"),AP14, AND(AP14 = "HIGH",AQ14="Very serious"),"LOW", AND(AP14 = "MODERATE",AQ14="Very serious"),"VERY LOW", AND(AP14 = "LOW",AQ14="Very serious"),"VERY LOW", AP14 = "VERY LOW", AP14)) | AS14: =IFERROR(IF(AND(Preferences!B$3="Manual",OR(AX14/AW14>V14/U14,BD14="Serious",BD14="Very serious")),"Assess imprecision",IFERROR(IFS(AND(Preferences!B$3="Automatic",V14/U14>=30),"Extremely serious",AND(W14<=$D$1*-1,Y14<0,V14/U14<3),"Not Serious",AND(W14<=$D$1*-1,Y14<0,V14/U14>=3),"Very serious",AND(W14>=$D$1,X14>0,V14/U14<3),"Not Serious",AND(W14>=$D$1,X14>0,V14/U14>=3),"Very serious",AND(W14<=$D$1*-1,Y14>0,X14>$D$2*-1,V14/U14<3),"Serious", AND(W14<=$D$1*-1,Y14>0,X14<$D$2*-1,V14/U14<3),"Very serious", AND(W14>=$D$1,X14<0,Y14<$D$2,V14/U14<3),"Serious",AND(W14>=$D$1,X14<0,Y14>$D$2,V14/U14<3),"Very serious", AND(W14<=$D$1*-1,Y14>0,X14>$D$2*-1,V14/U14>=3),"Very serious", AND(W14<=$D$1*-1,Y14>0,X14<$D$2*-1,V14/U14>=3),"Very serious", AND(W14>=$D$1,X14<0,Y14<$D$2,V14/U14>=3),"Very serious", AND(W14>=$D$1,X14<0,Y14>$D$2,V14/U14>=3),"Very serious", AND(W14>$D$1*-1,W14<$D$1,X14>$D$1*-1,Y14<$D$1,V14/U14<3),"Not Serious", AND(W14>$D$1*-1,W14<$D$1,OR(X14<=$D$1*-1,Y14>=$D$1),X14>$D$2*-1,Y14<$D$2,V14/U14<3),"Serious", AND(W14>$D$1*-1,W14<$D$1,OR(X14<=$D$2*-1,Y14>=$D$2),V14/U14<3),"Very serious", AND(W14>$D$1*-1,W14<$D$1,X14>$D$1*-1,Y14<$D$1,V14/U14>=3),"Very serious", AND(W14>$D$1*-1,W14<$D$1,OR(X14<=$D$1*-1,Y14>=$D$1),X14>$D$2*-1,Y14<$D$2,V14/U14>=3),"Very serious", AND(W14>$D$1*-1,W14<$D$1,OR(X14<=$D$2*-1,Y14>=$D$2),V14/U14>=3),"Very serious"),"")),"") | AT14: =IFERROR(IFS(T14="NA","NA",AS14="","",AS14="Assess imprecision","", AND(AR14 = "HIGH",COUNTIF(AS14,"serious")>=1),"MODERATE", AND(AR14 = "HIGH",COUNTIF(AS14,"Very serious")>=1),"LOW", AND(AR14 = "HIGH",COUNTIF(AS14,"Extremely serious")>=1),"VERY LOW", AND(AR14 = "HIGH",COUNTIF(AS14,"Not serious")>=1),AR14, AND(AR14 = "MODERATE",COUNTIF(AS14,"serious")>=1),"LOW", AND(AR14 = "MODERATE",COUNTIF(AS14,"Very serious")>=1),"VERY LOW", AND(AR14 = "MODERATE",COUNTIF(AS14,"Extremely serious")>=1),"VERY LOW", AND(AR14 = "MODERATE",COUNTIF(AS14,"Not serious")>=1),AR14, AND(AR14 = "LOW",COUNTIF(AS14,"serious")>=1),"VERY LOW", AND(AR14 = "LOW",COUNTIF(AS14,"Very serious")>=1),"VERY LOW", AND(AR14 = "LOW",COUNTIF(AS14,"Extremely serious")>=1),"VERY LOW", AND(AR14 = "LOW",COUNTIF(AS14,"Not serious")>=1),AR14, AR14 = "VERY LOW", AR14),"") | BB14: =IF(Preferences!B$9="Manual","",IFS(ISBLANK(B14),"",AND(ISNUMBER(E14)=TRUE,ISNUMBER(T14)=FALSE),"Direct", AND(ISNUMBER(E14)=FALSE,ISNUMBER(T14)=TRUE),"Indirect", CN14=4,"Direct",AND(CL14=FALSE, CM14=TRUE,CN14-CO14>-1),"Direct", AND(CL14=FALSE,CM14=TRUE, CN14-CO14<0),"Check algorithm in appendix 2", AND(CL14=TRUE, CM14=FALSE,CN14-CO14>0),"Check algorithm in appendix 2", AND(CL14=TRUE, CM14=FALSE,CN14-CO14=0),"Indirect", AND(CL14=TRUE, CM14=FALSE,CN14-CO14<0),"Indirect", AND(CL14=FALSE,CM14=FALSE,CN14-CO14>-1),"Direct", AND(CL14=FALSE,CM14=FALSE,CN14-CO14<0),"Check algorithm in appendix 2", AND(CL14=TRUE,CM14=TRUE,CN14-CO14>-1),"Direct", AND(CL14=TRUE,CM14=TRUE,CN14-CO14<0),"Check algorithm in appendix 2")) | BC14: =IFS(BB14="Direct",P14,BB14="Indirect",AR14,BB14="","",BB14="Check algorithm in appendix 2","") | BE14: =IF(Preferences!B$3="Manual","", IFERROR(IFS(AND(Preferences!B$3="Automatic",AX14/AW14>=30),"Extremely serious",AND(AY14<=$D$1*-1,BA14<0,AX14/AW14<3),"Not Serious",AND(AY14<=$D$1*-1,BA14<0,AX14/AW14>=3),"Very serious",AND(AY14>=$D$1,AZ14>0,AX14/AW14<3),"Not Serious",AND(AY14>=$D$1,AZ14>0,AX14/AW14>=3),"Very serious",AND(AY14<=$D$1*-1,BA14>0,AZ14>$D$2*-1,AX14/AW14<3),"Serious", AND(AY14<=$D$1*-1,BA14>0,AZ14<$D$2*-1,AX14/AW14<3),"Very serious", AND(AY14>=$D$1,AZ14<0,BA14<$D$2,AX14/AW14<3),"Serious",AND(AY14>=$D$1,AZ14<0,BA14>$D$2,AX14/AW14<3),"Very serious", AND(AY14<=$D$1*-1,BA14>0,AZ14>$D$2*-1,AX14/AW14>=3),"Very serious", AND(AY14<=$D$1*-1,BA14>0,AZ14<$D$2*-1,AX14/AW14>=3),"Very serious", AND(AY14>=$D$1,AZ14<0,BA14<$D$2,AX14/AW14>=3),"Very serious", AND(AY14>=$D$1,AZ14<0,BA14>$D$2,AX14/AW14>=3),"Very serious", AND(AY14>$D$1*-1,AY14<$D$1,AZ14>$D$1*-1,BA14<$D$1,AX14/AW14<3),"Not Serious", AND(AY14>$D$1*-1,AY14<$D$1,OR(AZ14<=$D$1*-1,BA14>=$D$1),AZ14>$D$2*-1,BA14<$D$2,AX14/AW14<3),"Serious", AND(AY14>$D$1*-1,AY14<$D$1,OR(AZ14<=$D$2*-1,BA14>=$D$2),AX14/AW14<3),"Very serious", AND(AY14>$D$1*-1,AY14<$D$1,AZ14>$D$1*-1,BA14<$D$1,AX14/AW14>=3),"Very serious", AND(AY14>$D$1*-1,AY14<$D$1,OR(AZ14<=$D$1*-1,BA14>=$D$1),AZ14>$D$2*-1,BA14<$D$2,AX14/AW14>=3),"Very serious", AND(AY14>$D$1*-1,AY14<$D$1,OR(AZ14<=$D$2*-1,BA14>=$D$2),AX14/AW14>=3),"Very serious"),"")) | BF14: =IF(OR(ISBLANK(BD14),AND(BE14<>"Not serious",BE14<>"Serious",BE14<>"Very serious",BE14<>"Extremely serious"),AS14="Assess imprecision",Q14="Assess imprecision"),"",IFERROR(IFS(BJ14-(2*COUNTIF(BD14,"Very serious")) - (2*COUNTIF(BE14,"Very serious"))- countif(BD14,"Serious") - countif(BE14,"Serious") - (3*countif(BE14,"Extremely serious"))=4,"HIGH", BJ14-(2*COUNTIF(BD14,"Very serious")) - (2*COUNTIF(BE14,"Very serious"))- countif(BD14,"Serious") - countif(BE14,"Serious") - (3*countif(BE14,"Extremely serious"))=3,"MODERATE", BJ14-(2*COUNTIF(BD14,"Very serious")) - (2*COUNTIF(BE14,"Very serious"))- countif(BD14,"Serious") - countif(BE14,"Serious") - (3*countif(BE14,"Extremely serious"))=2,"LOW", BJ14-(2*COUNTIF(BD14,"Very serious")) - (2*COUNTIF(BE14,"Very serious"))- countif(BD14,"Serious") - countif(BE14,"Serious") - (3*countif(BE14,"Extremely serious"))<=1,"VERY LOW"),"")) | BG14: =IFERROR(IFS(BF14="HIGH","NMA",R14="HIGH","DIRECT",AT14="HIGH","INDIRECT",BF14="MODERATE","NMA",R14="MODERATE","DIRECT",AT14="MODERATE","INDIRECT",BF14="LOW","NMA",R14="LOW","DIRECT",AT14="LOW","INDIRECT",BF14="VERY LOW","NMA",R14="VERY LOW","DIRECT",AT14="VERY LOW","INDIRECT"),"") | BH14: =IFS(BG14="NMA",BK14,BG14="Direct",BL14,BG14="Indirect",BM14) -> #N/A | BI14: =if(OR(AV14<=0.7,AV14>=1.3),iferror(if(AX14/AW14>=2.5,"Prelim Very serious",if(BA14-AZ14>200,"Prelim Very serious","Check manually")),if(isblank(AW14)=TRUE,"",if(AW14=0,"Prelim very serious","Error"))),"Check manually") | BJ14: =ifs(BC14="HIGH",4,BC14="MODERATE",3,BC14="LOW",2,BC14="VERY LOW",1) -> #N/A | BK14: =IF(AND(AW14<1,AX14>1),"NO","YES") -> YES | BL14: =IF(AND(F14<1,G14>1),"NO","YES") -> YES | BM14: =IF(AND(U14<1,V14>1),"NO","YES") -> YES | BN14: =(iferror(ifs(L14="Serious","RoB, ",L14="Very Serious","RoBx2, "),"")&iferror(ifs(M14="Serious","Inconsistency, ",M14="Very Serious","Inconsistencyx2, "),"")&iferror(ifs(N14="Serious","Indirectness, ",N14="Very serious","Indirectnessx2, "),"")&iferror(ifs(O14="Serious","Publication bias, "),"")&iferror(ifs(CH14="Serious","Imprecision, ",CH14="Very Serious","Imprecisionx2, ",CH14="Extremely serious","Imprecisionx3, "),"")&iferror(ifs(CI14="Serious","Incoherence, ",CI14="Very Serious","Incoherencex2, ",CI14="NA","",CI14="Not serious",""),"")) | BO14: =(IFERROR(IFS(BU14="RoB","RoB, ",BU14="RoBx2","RoBx2, ",BU14="NA",""),"")&IFERROR(IFS(BY14="RoB","Inconsistency, ",BY14="RoBx2","Inconsistencyx2, ",BY14="NA","")&IFERROR(IFS(CC14="RoB","Indirectness, ",CC14="RoBx2","Indirectnessx2, ",CC14="NA",""),"")&IFERROR(IFS(CG14="RoB","Publication bias, ",CG14="RoBx2","Publication biasx2, ",CG14="NA",""),"")&IFERROR(IFS(CH14="Serious","Imprecision, ",CH14="Very serious","Imprecisionx2, ",CH14="Extremely serious","Imprecisionx3, ",CH14="Not serious",""),"")&IFERROR(IFS(AQ14="Serious","Intransitivity, ",AQ14="Very serious","Intransitivityx2, ",AQ14="NA","",AQ14="Not serious",""),"")&IFERROR(IFS(CI14="Serious","Incoherence, ",CI14="Very serious","Incoherencex2, ",CI14="NA","",CI14="Not serious",""),""))) | BP14: =IFS(BB14="Direct",BN14,BB14="Indirect",BO14) -> #N/A | BQ14: =IFERROR(LEFT(BP14, LEN(BP14)-2),"") | BR14: =IFERROR(INDEX($A$4:$BF510,MATCH($AC14,$A$4:$A510,0),12),"NA") | BS14: =IFERROR(INDEX($A$4:$BF510,MATCH($AH14,$A$4:$A510,0),12),"NA") | BT14: =IFERROR(INDEX($A$4:$BF510,MATCH($AN14,$A$4:$A510,0),12),"NA") -> NA | BU14: =IFS(OR(BR14="Very Serious",BS14 = "Very Serious",BT14 = "Very Serious"), "RoBx2", OR(BR14="Serious",BS14 = "Serious",BT14 = "Serious"),"RoB", AND(BR14="NA",BS14 = "NA",BT14 = "NA"),"NA", OR(BR14="Not Serious",BS14 = "Not Serious",BT14 = "Not Serious"),"NA") -> #N/A | BV14: =IFERROR(INDEX($A$4:$BF510,MATCH($AC14,$A$4:$A510,0),13),"NA") | BW14: =IFERROR(INDEX($A$4:$BF510,MATCH($AH14,$A$4:$A510,0),13),"NA") | BX14: =IFERROR(INDEX($A$4:$BF510,MATCH($AN14,$A$4:$A510,0),13),"NA") -> NA | BY14: =IFS(OR(BV14="Very Serious",BW14 = "Very Serious",BX14 = "Very Serious"), "RoBx2", OR(BV14="Serious",BW14 = "Serious",BX14 = "Serious"),"RoB", AND(BV14="NA",BW14 = "NA",BX14 = "NA"),"NA", OR(BV14="Not Serious",BW14 = "Not Serious",BX14 = "Not Serious"),"NA") -> #N/A | BZ14: =IFERROR(INDEX($A$4:$BF510,MATCH($AC14,$A$4:$A510,0),14),"NA") | CA14: =IFERROR(INDEX($A$4:$BF510,MATCH($AH14,$A$4:$A510,0),14),"NA") | CB14: =IFERROR(INDEX($A$4:$BF510,MATCH($AN14,$A$4:$A510,0),14),"NA") -> NA | CC14: =IFS(OR(BZ14="Very Serious",CA14 = "Very Serious",CB14 = "Very Serious"), "RoBx2", OR(BZ14="Serious",CA14 = "Serious",CB14 = "Serious"),"RoB", AND(BZ14="NA",CA14 = "NA",CB14 = "NA"),"NA", OR(BZ14="Not Serious",CA14 = "Not Serious",CB14 = "Not Serious"),"NA") -> #N/A | CD14: =IFERROR(INDEX($A$4:$BF510,MATCH($AC14,$A$4:$A510,0),15),"NA") | CE14: =IFERROR(INDEX($A$4:$BF510,MATCH($AH14,$A$4:$A510,0),15),"NA") | CF14: =IFERROR(INDEX($A$4:$BF510,MATCH($AN14,$A$4:$A510,0),15),"NA") -> NA | CG14: =IFS(OR(CD14="Very Serious",CE14 = "Very Serious",CF14 = "Very Serious"), "RoBx2", OR(CD14="Serious",CE14 = "Serious",CF14 = "Serious"),"RoB", AND(CD14="NA",CE14 = "NA",CF14 = "NA"),"NA", OR(CD14="Not Serious",CE14 = "Not Serious",CF14 = "Not Serious"),"NA") -> #N/A | CH14: =IFS(BG14="NMA",BE14,BG14="Direct",Q14,BG14="Indirect",AS14) -> #N/A | CI14: =IFS(BG14="NMA",BD14,BG14="Direct","NA",BG14="Indirect","NA") -> #N/A | CJ14: =if(count(AV14:BA14)=6,if(abs(AY14)>=$D$1, if(AY14>0,if(OR(AZ14<0,BA14<0),if(and(BA14>$D$2,AZ14<$D$1),"2x, RD CIs very wide: Large harm to trivial effect or more","1x, RD CIs wide: crosses 0"),if(OR(AV14>=1.3,AV14<=0.7), if(and(count(AW14)=1,count(AX14)=1),if(round(AX14/AW14,2)>=2.5,"Wide OR CI: OIS not met","No serious imprecision"),"ERROR: check cell"),"No serious imprecision")),if(OR(AZ14>=0,BA14>=0),if(and(AZ14<(-1*$D$2),BA14>(-1*$D$1)),"2x, RD CIs very wide: Large benefit to trivial effect or more","1x, RD CIs wide: crosses 0"),if(OR(AV14>=1.3,AV14<=0.7), if(and(count(AW14)=1,count(AX14)=1),if(round(AX14/AW14,2)>=2.5,"Wide OR CI: OIS not met","No serious imprecision"),"ERROR: check cell"),"No serious imprecision"))),if(AY14>0,if(OR(AZ14<(-1*$D$1),BA14>$D$1),if(and(BA14>$D$2,AZ14<$D$1),"2x, RD CIs very wide: Large harm to trivial effect or more","1x, RD CIs wide: crosses MID"),if(OR(AV14>=1.3,AV14<=0.7), if(and(count(AW14)=1,count(AX14)=1),if(round(AX14/AW14,2)>=2.5,"Wide OR CI: OIS not met","No serious imprecision"),"ERROR: check cell"),"No serious imprecision")),if(OR(AZ14<=(-1*$D$1),BA14>=$D$1),if(and(AZ14<(-1*$D$2),BA14>(-1*$D$1)),"2x, RD CIs very wide: Large benefit to trivial effect or more","1x, RD CIs wide: crosses MID"),if(OR(AV14>=1.3,AV14<=0.7), if(and(count(AW14)=1,count(AX14)=1),if(round(AX14/AW14,2)>=2.5,"Wide OR CI: OIS not met","No serious imprecision"),"ERROR: check cell"),"No serious imprecision")))),"ERROR: check cell") -> ERROR: check cell | CL14: =AND(OR(AX14/G14<0.9,AX14/G14>1.1),OR(AW14/F14<0.9,AW14/F14>1.1)) -> #DIV/0! | CM14: =AND(OR(AX14/V14<0.9,AX14/V14>1.1),OR(AW14/U14<0.9,AW14/U14>1.1)) -> #DIV/0! | CN14: =(4-(3*COUNTIF(P14,"VERY LOW"))-2*countif(P14,"LOW")-1*countif(P14,"MODERATE")) -> 4 | CO14: =(4-(3*COUNTIF(AR14,"VERY LOW"))-2*countif(AR14,"LOW")-1*countif(AR14,"MODERATE")) -> 4 | CP14: =IFS(C14=Preferences!B$13,B14,B14=Preferences!B$13,C14) -> #N/A
